RANK,PLAYER,TACKLE,ASSIST,SACK,PD,INT,FF,FR,DEF TD,G,FPTS,FPTS/G,ROST,WEEK
1,Blake Cashman (HOU),13.0,6.0,1.0,1.0,0.0,0.0,0.0,0.0,1.0,32.0,32.0,11.1%,11.0
2,Khalil Mack (LAC),8.0,0.0,2.0,1.0,0.0,1.0,0.0,0.0,1.0,30.5,30.5,21.4%,11.0
3,Elandon Roberts (PIT),11.0,4.0,0.0,0.0,0.0,0.0,0.0,0.0,1.0,24.5,24.5,21.9%,11.0
4,David Mayo (WAS),5.0,1.0,2.0,0.0,0.0,0.0,0.0,0.0,1.0,23.8,23.8,1.3%,11.0
5,Alex Anzalone (DET),11.0,4.0,0.0,0.0,0.0,0.0,1.0,0.0,1.0,23.5,23.5,25.7%,11.0
6,Bobby Okereke (NYG),6.0,8.0,0.0,0.0,0.0,2.0,0.0,0.0,1.0,23.0,23.0,81.2%,11.0
7,Fred Warner (SF),10.0,1.0,0.0,2.0,0.0,1.0,0.0,0.0,1.0,22.8,22.8,85.5%,11.0
8,Lavonte David (TB),7.0,0.0,1.0,0.0,0.0,0.0,0.0,0.0,1.0,22.0,22.0,39.8%,11.0
9,Micah Parsons (DAL),2.0,4.0,2.5,0.0,0.0,0.0,0.0,0.0,1.0,21.0,21.0,62.8%,11.0
10,Ogbonnia Okoronkwo (CLE),4.0,1.0,1.0,0.0,0.0,0.0,0.0,0.0,1.0,20.8,20.8,0.5%,11.0
11,Leonard Floyd (BUF),3.0,1.0,2.5,0.0,0.0,0.0,0.0,0.0,1.0,20.3,20.3,3.1%,11.0
12,Tyrel Dodson (BUF),6.0,1.0,1.0,0.0,0.0,1.0,0.0,0.0,1.0,20.3,20.3,1.7%,11.0
13,Alex Singleton (DEN),11.0,5.0,0.0,0.0,0.0,0.0,0.0,0.0,1.0,20.3,20.3,49.0%,11.0
14,Robert Spillane (LV),6.0,7.0,0.0,1.0,0.0,0.0,0.0,0.0,1.0,18.3,18.3,26.4%,11.0
15,Jamin Davis (WAS),5.0,2.0,1.0,0.0,0.0,0.0,0.0,0.0,1.0,18.0,18.0,11.2%,11.0
16,Micah McFadden (NYG),5.0,3.0,0.0,1.0,0.0,0.0,1.0,0.0,1.0,17.8,17.8,4.6%,11.0
17,T.J. Edwards (CHI),5.0,4.0,0.0,1.0,1.0,0.0,0.0,0.0,1.0,17.0,17.0,89.5%,11.0
18,Isaiah Simmons (NYG),3.0,0.0,0.0,1.0,1.0,0.0,0.0,1.0,1.0,17.0,17.0,4.6%,11.0
19,T.J. Watt (PIT),4.0,2.0,1.0,0.0,0.0,0.0,0.0,0.0,1.0,16.5,16.5,70.8%,11.0
20,Ivan Pace Jr. (MIN),6.0,3.0,0.0,0.0,0.0,1.0,0.0,0.0,1.0,15.3,15.3,2.6%,11.0
21,Logan Wilson (CIN),6.0,3.0,0.0,0.0,0.0,1.0,0.0,0.0,1.0,15.3,15.3,57.6%,11.0
22,Patrick Queen (BAL),9.0,2.0,0.0,0.0,0.0,0.0,0.0,0.0,1.0,15.0,15.0,44.3%,11.0
23,Tremaine Edmunds (CHI),4.0,3.0,0.0,1.0,1.0,0.0,0.0,0.0,1.0,14.8,14.8,25.8%,11.0
24,Ernest Jones (LAR),5.0,7.0,0.5,0.0,0.0,0.0,0.0,0.0,1.0,14.8,14.8,25.1%,11.0
25,Quincy Williams (NYJ),6.0,4.0,0.0,0.0,0.0,0.0,0.0,0.0,1.0,14.5,14.5,61.4%,11.0
26,Bobby Wagner (SEA),6.0,4.0,0.0,0.0,0.0,0.0,0.0,0.0,1.0,14.5,14.5,75.4%,11.0
27,Dre Greenlaw (SF),4.0,4.0,0.5,2.0,0.0,0.0,0.0,0.0,1.0,14.0,14.0,36.9%,11.0
28,Eric Kendricks (LAC),6.0,3.0,0.0,0.0,0.0,0.0,0.0,0.0,1.0,13.8,13.8,16.9%,11.0
29,Frankie Luvu (CAR),6.0,2.0,0.0,2.0,0.0,0.0,0.0,0.0,1.0,13.5,13.5,40.9%,11.0
30,Christian Harris (HOU),5.0,0.0,0.0,2.0,0.0,0.0,0.0,0.0,1.0,13.0,13.0,1.3%,11.0
31,Derrick Barnes (DET),6.0,2.0,0.0,0.0,0.0,0.0,0.0,0.0,1.0,13.0,13.0,0.8%,11.0
32,Rashan Gary (GB),1.0,1.0,1.0,0.0,0.0,0.0,1.0,0.0,1.0,12.8,12.8,1.9%,11.0
33,Baron Browning (DEN),3.0,0.0,1.0,0.0,0.0,1.0,0.0,0.0,1.0,12.5,12.5,0.7%,11.0
34,Josey Jewell (DEN),5.0,1.0,0.0,0.0,0.0,0.0,1.0,0.0,1.0,12.3,12.3,28.5%,11.0
35,Monty Rice (TEN),5.0,3.0,0.0,0.0,0.0,0.0,0.0,0.0,1.0,12.3,12.3,0.3%,11.0
36,De'Vondre Campbell (GB),6.0,1.0,0.0,0.0,0.0,0.0,0.0,0.0,1.0,12.3,12.3,29.0%,11.0
37,Kenneth Murray Jr. (LAC),6.0,4.0,0.0,0.0,0.0,0.0,0.0,0.0,1.0,12.0,12.0,10.4%,11.0
38,Devin Lloyd (JAC),5.0,6.0,0.0,0.0,0.0,0.0,0.0,0.0,1.0,12.0,12.0,11.3%,11.0
39,Krys Barnes (ARI),2.0,1.0,0.0,2.0,1.0,0.0,0.0,0.0,1.0,11.8,11.8,0.8%,11.0
40,Divine Deablo (LV),3.0,4.0,0.0,0.0,0.0,0.0,1.0,0.0,1.0,11.5,11.5,11.9%,11.0
41,Drue Tranquill (KC),5.0,2.0,0.0,0.0,0.0,0.0,0.0,0.0,1.0,11.5,11.5,13.7%,11.0
42,Zach Cunningham (PHI),6.0,1.0,0.0,1.0,0.0,0.0,0.0,0.0,1.0,11.3,11.3,3.3%,11.0
43,Foyesade Oluokun (JAC),1.0,5.0,0.5,0.0,0.0,0.0,1.0,0.0,1.0,11.3,11.3,96.8%,11.0
44,Jack Sanborn (CHI),2.0,2.0,1.0,0.0,0.0,0.0,0.0,0.0,1.0,11.0,11.0,8.4%,11.0
45,Nicholas Morrow (PHI),4.0,1.0,0.0,0.0,0.0,0.0,1.0,0.0,1.0,10.8,10.8,1.6%,11.0
46,Jack Campbell (DET),5.0,4.0,0.0,0.0,0.0,0.0,0.0,0.0,1.0,10.5,10.5,5.6%,11.0
47,Roquan Smith (BAL),4.0,6.0,0.0,0.0,0.0,0.0,0.0,0.0,1.0,10.5,10.5,96.2%,11.0
48,Shaquil Barrett (TB),4.0,2.0,0.0,0.0,0.0,0.0,0.0,0.0,1.0,10.0,10.0,5.8%,11.0
49,Damone Clark (DAL),2.0,4.0,0.0,1.0,0.0,0.0,0.0,0.0,1.0,10.0,10.0,6.3%,11.0
50,Jeremiah Owusu-Koramoah (CLE),6.0,1.0,0.0,0.0,0.0,0.0,0.0,0.0,1.0,9.8,9.8,7.0%,11.0
51,Josh Woods (ARI),6.0,1.0,0.0,0.0,0.0,0.0,0.0,0.0,1.0,9.8,9.8,1.2%,11.0
52,Jerome Baker (MIA),6.0,1.0,0.0,0.0,0.0,0.0,0.0,0.0,1.0,9.8,9.8,11.6%,11.0
53,Kyle Van Noy (BAL),2.0,0.0,1.0,0.0,0.0,0.0,0.0,0.0,1.0,9.5,9.5,0.3%,11.0
54,Luke Masterson (LV),3.0,1.0,0.0,0.0,0.0,1.0,0.0,0.0,1.0,9.3,9.3,0.3%,11.0
55,Andrew Van Ginkel (MIA),3.0,2.0,0.0,2.0,0.0,0.0,0.0,0.0,1.0,9.0,9.0,1.2%,11.0
56,Terrel Bernard (BUF),2.0,4.0,0.5,0.0,0.0,0.0,0.0,0.0,1.0,8.0,8.0,69.7%,11.0
57,Casey Toohill (WAS),1.0,0.0,1.0,0.0,0.0,0.0,0.0,0.0,1.0,8.0,8.0,0.5%,11.0
58,Azeez Al-Shaair (TEN),3.0,2.0,0.0,1.0,0.0,0.0,0.0,0.0,1.0,7.5,7.5,33.0%,11.0
59,Harold Landry III (TEN),4.0,2.0,0.0,0.0,0.0,0.0,0.0,0.0,1.0,7.5,7.5,8.9%,11.0
60,Sione Takitaki (CLE),3.0,2.0,0.0,1.0,0.0,0.0,0.0,0.0,1.0,7.5,7.5,0.5%,11.0
61,Willie Gay Jr. (KC),3.0,0.0,0.0,0.0,0.0,0.0,0.0,0.0,1.0,7.0,7.0,2.1%,11.0
62,Quay Walker (GB),2.0,5.0,0.0,0.0,0.0,0.0,0.0,0.0,1.0,6.8,6.8,29.6%,11.0
63,Alex Highsmith (PIT),2.0,4.0,0.0,0.0,0.0,0.0,0.0,0.0,1.0,6.0,6.0,22.8%,11.0
64,Bradley Chubb (MIA),3.0,2.0,0.0,0.0,0.0,0.0,0.0,0.0,1.0,6.0,6.0,17.7%,11.0
65,Kamu Grugier-Hill (CAR),2.0,2.0,0.0,1.0,0.0,0.0,0.0,0.0,1.0,6.0,6.0,5.9%,11.0
66,Za'Darius Smith (CLE),2.0,0.0,0.0,0.0,0.0,0.0,0.0,0.0,1.0,5.5,5.5,3.0%,11.0
67,Kyzir White (ARI),2.0,1.0,0.0,1.0,0.0,0.0,0.0,0.0,1.0,5.3,5.3,17.6%,11.0
68,Dennis Gardeck (ARI),3.0,0.0,0.0,0.0,0.0,0.0,0.0,0.0,1.0,4.5,4.5,0.9%,11.0
69,Jack Gibbens (TEN),2.0,2.0,0.0,0.0,0.0,0.0,0.0,0.0,1.0,4.5,4.5,2.2%,11.0
70,Dorian Williams (BUF),2.0,2.0,0.0,0.0,0.0,0.0,0.0,0.0,1.0,4.5,4.5,1.0%,11.0
71,DeMarquis Gates (CHI),0.0,0.0,0.0,0.0,0.0,0.0,1.0,0.0,1.0,4.0,4.0,0.0%,11.0
72,Ross Matiscik (JAC),0.0,0.0,0.0,0.0,0.0,0.0,1.0,0.0,1.0,4.0,4.0,0.0%,11.0
73,Devin White (TB),2.0,1.0,0.0,0.0,0.0,0.0,0.0,0.0,1.0,3.8,3.8,22.1%,11.0
74,Germaine Pratt (CIN),2.0,1.0,0.0,0.0,0.0,0.0,0.0,0.0,1.0,3.8,3.8,14.2%,11.0
75,C.J. Mosley (NYJ),1.0,3.0,0.0,0.0,0.0,0.0,0.0,0.0,1.0,3.8,3.8,83.3%,11.0
76,Jordyn Brooks (SEA),1.0,2.0,0.0,0.0,0.0,0.0,0.0,0.0,1.0,3.0,3.0,28.9%,11.0
77,Malik Harrison (BAL),2.0,0.0,0.0,0.0,0.0,0.0,0.0,0.0,1.0,3.0,3.0,0.2%,11.0
78,David Long Jr. (MIA),1.0,2.0,0.0,0.0,0.0,0.0,0.0,0.0,1.0,3.0,3.0,4.3%,11.0
79,Leo Chenal (KC),2.0,0.0,0.0,0.0,0.0,0.0,0.0,0.0,1.0,3.0,3.0,1.1%,11.0
80,Deion Jones (CAR),1.0,0.0,0.0,1.0,0.0,0.0,0.0,0.0,1.0,3.0,3.0,0.3%,11.0
81,Preston Smith (GB),1.0,1.0,0.0,0.0,0.0,0.0,0.0,0.0,1.0,2.3,2.3,4.4%,11.0
82,Zaven Collins (ARI),1.0,1.0,0.0,0.0,0.0,0.0,0.0,0.0,1.0,2.3,2.3,7.6%,11.0
83,Christian Rozeboom (LAR),0.0,1.0,0.0,1.0,0.0,0.0,0.0,0.0,1.0,2.3,2.3,1.0%,11.0
84,SirVocea Dennis (TB),1.0,1.0,0.0,0.0,0.0,0.0,0.0,0.0,1.0,2.3,2.3,0.1%,11.0
85,Tyler Matakevich (BUF),1.0,1.0,0.0,0.0,0.0,0.0,0.0,0.0,1.0,2.3,2.3,0.0%,11.0
86,Troy Dye (MIN),1.0,0.0,0.0,0.0,0.0,0.0,0.0,0.0,1.0,1.5,1.5,0.2%,11.0
87,Anthony Barr (MIN),1.0,0.0,0.0,0.0,0.0,0.0,0.0,0.0,1.0,1.5,1.5,0.2%,11.0
88,Oren Burks (SF),1.0,0.0,0.0,0.0,0.0,0.0,0.0,0.0,1.0,1.5,1.5,0.3%,11.0
89,Mykal Walker (PIT),0.0,2.0,0.0,0.0,0.0,0.0,0.0,0.0,1.0,1.5,1.5,0.2%,11.0
90,Malik Reed (LV),1.0,0.0,0.0,0.0,0.0,0.0,0.0,0.0,1.0,1.5,1.5,0.0%,11.0
91,Jamien Sherwood (NYJ),0.0,1.0,0.0,0.0,0.0,0.0,0.0,0.0,1.0,0.8,0.8,0.3%,11.0
92,Troy Reeder (LAR),0.0,1.0,0.0,0.0,0.0,0.0,0.0,0.0,1.0,0.8,0.8,0.1%,11.0
93,Nick Herbig (PIT),0.0,1.0,0.0,0.0,0.0,0.0,0.0,0.0,1.0,0.8,0.8,0.2%,11.0
94,Akeem Davis-Gaither (CIN),0.0,1.0,0.0,0.0,0.0,0.0,0.0,0.0,1.0,0.8,0.8,0.2%,11.0
95,Eku Leota (CAR),0.0,1.0,0.0,0.0,0.0,0.0,0.0,0.0,1.0,0.8,0.8,0.0%,11.0
96,Rashod Berry (IND),0.0,0.0,0.0,0.0,0.0,0.0,0.0,0.0,0.0,0.0,0.0,0.0%,11.0
97,LaCale London (ATL),0.0,0.0,0.0,0.0,0.0,0.0,0.0,0.0,0.0,0.0,0.0,0.0%,11.0
98,Kristian Welch (GB),0.0,0.0,0.0,0.0,0.0,0.0,0.0,0.0,0.0,0.0,0.0,0.0%,11.0
99,Blake Ferguson (MIA),0.0,0.0,0.0,0.0,0.0,0.0,0.0,0.0,0.0,0.0,0.0,0.0%,11.0
100,Blake Lynch (LAC),0.0,0.0,0.0,0.0,0.0,0.0,0.0,0.0,0.0,0.0,0.0,0.0%,11.0
101,Clay Johnston (CIN),0.0,0.0,0.0,0.0,0.0,0.0,0.0,0.0,0.0,0.0,0.0,0.0%,11.0
102,Jonas Griffith (DEN),0.0,0.0,0.0,0.0,0.0,0.0,0.0,0.0,0.0,0.0,0.0,0.0%,11.0
103,Sam Franklin Jr. (CAR),0.0,0.0,0.0,0.0,0.0,0.0,0.0,0.0,0.0,0.0,0.0,0.2%,11.0
104,Michael Hoecht (LAR),5.0,1.0,0.0,0.0,0.0,0.0,0.0,0.0,1.0,0.0,0.0,8.5%,11.0
105,Tomon Fox (NYG),0.0,0.0,0.0,0.0,0.0,0.0,0.0,0.0,0.0,0.0,0.0,0.0%,11.0
106,Liam McCullough (ATL),0.0,0.0,0.0,0.0,0.0,0.0,0.0,0.0,0.0,0.0,0.0,0.0%,11.0
107,Cole Christiansen (KC),0.0,0.0,0.0,0.0,0.0,0.0,0.0,0.0,0.0,0.0,0.0,0.0%,11.0
108,Cam Gill (TB),0.0,0.0,0.0,0.0,0.0,0.0,0.0,0.0,0.0,0.0,0.0,0.0%,11.0
109,Markus Bailey (CIN),0.0,0.0,0.0,0.0,0.0,0.0,0.0,0.0,1.0,0.0,0.0,0.1%,11.0
110,Carlo Kemp (GB),0.0,0.0,0.0,0.0,0.0,0.0,0.0,0.0,0.0,0.0,0.0,0.0%,11.0
111,De'Jon Harris (WAS),0.0,0.0,0.0,0.0,0.0,0.0,0.0,0.0,0.0,0.0,0.0,0.0%,11.0
112,Janarius Robinson (LV),0.0,0.0,0.0,0.0,0.0,0.0,0.0,0.0,0.0,0.0,0.0,0.0%,11.0
113,Justin Strnad (DEN),0.0,0.0,0.0,0.0,0.0,0.0,0.0,0.0,1.0,0.0,0.0,0.0%,11.0
114,Shaun Bradley (PHI),0.0,0.0,0.0,0.0,0.0,0.0,0.0,0.0,0.0,0.0,0.0,0.0%,11.0
115,Josh Allen (JAC),0.0,2.0,0.5,0.0,0.0,0.0,0.0,0.0,1.0,0.0,0.0,18.2%,11.0
116,Sam Eguavoen (NYJ),0.0,0.0,0.0,0.0,0.0,0.0,0.0,0.0,0.0,0.0,0.0,0.0%,11.0
117,Alexander Johnson (MIA),0.0,0.0,0.0,0.0,0.0,0.0,0.0,0.0,0.0,0.0,0.0,1.0%,11.0
118,Brian Burns (CAR),2.0,1.0,0.0,0.0,0.0,0.0,0.0,0.0,1.0,0.0,0.0,19.3%,11.0
119,Jachai Polite (LAR),0.0,0.0,0.0,0.0,0.0,0.0,0.0,0.0,0.0,0.0,0.0,0.0%,11.0
120,Oshane Ximines (NYG),0.0,0.0,0.0,0.0,0.0,0.0,0.0,0.0,0.0,0.0,0.0,0.0%,11.0
121,Jahlani Tavai (NE),0.0,0.0,0.0,0.0,0.0,0.0,0.0,0.0,0.0,0.0,0.0,1.3%,11.0
122,Devin Bush Jr. (SEA),0.0,0.0,0.0,0.0,0.0,0.0,0.0,0.0,1.0,0.0,0.0,0.2%,11.0
123,Mack Wilson Sr. (NE),0.0,0.0,0.0,0.0,0.0,0.0,0.0,0.0,0.0,0.0,0.0,0.2%,11.0
124,Tae Davis (CAR),0.0,0.0,0.0,0.0,0.0,0.0,0.0,0.0,0.0,0.0,0.0,0.1%,11.0
125,Andre Smith Jr. (ATL),0.0,0.0,0.0,0.0,0.0,0.0,0.0,0.0,0.0,0.0,0.0,0.0%,11.0
126,Chris Board (NE),0.0,0.0,0.0,0.0,0.0,0.0,0.0,0.0,0.0,0.0,0.0,0.0%,11.0
127,Trent Sieg (DAL),0.0,0.0,0.0,0.0,0.0,0.0,0.0,0.0,0.0,0.0,0.0,0.0%,11.0
128,Jake Martin (IND),0.0,0.0,0.0,0.0,0.0,0.0,0.0,0.0,0.0,0.0,0.0,0.0%,11.0
129,Marcell Harris (HOU),0.0,0.0,0.0,0.0,0.0,0.0,0.0,0.0,0.0,0.0,0.0,0.0%,11.0
130,Ja'Whaun Bentley (NE),0.0,0.0,0.0,0.0,0.0,0.0,0.0,0.0,0.0,0.0,0.0,9.0%,11.0
131,Genard Avery (IND),0.0,0.0,0.0,0.0,0.0,0.0,0.0,0.0,0.0,0.0,0.0,0.0%,11.0
132,Matthew Adams (CLE),0.0,0.0,0.0,0.0,0.0,0.0,0.0,0.0,0.0,0.0,0.0,0.1%,11.0
133,Zaire Franklin (IND),0.0,0.0,0.0,0.0,0.0,0.0,0.0,0.0,0.0,0.0,0.0,85.9%,11.0
134,Ezekiel Turner (ARI),0.0,0.0,0.0,0.0,0.0,0.0,0.0,0.0,0.0,0.0,0.0,0.1%,11.0
135,Ben Niemann (DEN),0.0,0.0,0.0,0.0,0.0,0.0,0.0,0.0,0.0,0.0,0.0,0.0%,11.0
136,Justin Hollins (LAC),0.0,0.0,0.0,0.0,0.0,0.0,0.0,0.0,1.0,0.0,0.0,0.0%,11.0
137,Zack Baun (NO),0.0,0.0,0.0,0.0,0.0,0.0,0.0,0.0,0.0,0.0,0.0,0.2%,11.0
138,K'Lavon Chaisson (JAC),0.0,1.0,0.0,0.0,0.0,0.0,0.0,0.0,1.0,0.0,0.0,0.1%,11.0
139,Julian Okwara (DET),0.0,0.0,0.0,0.0,0.0,0.0,0.0,0.0,1.0,0.0,0.0,0.0%,11.0
140,Yetur Gross-Matos (CAR),0.0,0.0,0.0,0.0,0.0,0.0,0.0,0.0,0.0,0.0,0.0,0.6%,11.0
141,Jordan Kunaszyk (CLE),0.0,0.0,0.0,0.0,0.0,0.0,0.0,0.0,0.0,0.0,0.0,0.0%,11.0
142,Matthew Orzech (GB),0.0,0.0,0.0,0.0,0.0,0.0,0.0,0.0,0.0,0.0,0.0,0.0%,11.0
143,Curtis Bolton (LV),0.0,0.0,0.0,0.0,0.0,0.0,0.0,0.0,1.0,0.0,0.0,0.1%,11.0
144,Anthony Pittman (DET),0.0,0.0,0.0,0.0,0.0,0.0,0.0,0.0,0.0,0.0,0.0,0.0%,11.0
145,Josh Uche (NE),0.0,0.0,0.0,0.0,0.0,0.0,0.0,0.0,0.0,0.0,0.0,0.3%,11.0
146,Darrell Taylor (SEA),1.0,1.0,0.0,0.0,0.0,0.0,0.0,0.0,1.0,0.0,0.0,1.2%,11.0
147,Carter Coughlin (NYG),0.0,0.0,0.0,0.0,0.0,0.0,0.0,0.0,0.0,0.0,0.0,0.0%,11.0
148,Tanner Muse (LAC),0.0,0.0,0.0,0.0,0.0,0.0,0.0,0.0,1.0,0.0,0.0,0.0%,11.0
149,Khaleke Hudson (WAS),0.0,0.0,0.0,0.0,0.0,0.0,0.0,0.0,1.0,0.0,0.0,0.1%,11.0
150,Anfernee Jennings (NE),0.0,0.0,0.0,0.0,0.0,0.0,0.0,0.0,0.0,0.0,0.0,1.7%,11.0
151,Jacob Phillips (CLE),0.0,0.0,0.0,0.0,0.0,0.0,0.0,0.0,0.0,0.0,0.0,0.1%,11.0
152,Trevis Gipson (TEN),0.0,0.0,0.0,0.0,0.0,0.0,0.0,0.0,0.0,0.0,0.0,0.6%,11.0
153,Joe Bachie (CIN),0.0,0.0,0.0,0.0,0.0,0.0,0.0,0.0,0.0,0.0,0.0,0.0%,11.0
154,Shaquille Quarterman (JAC),0.0,0.0,0.0,0.0,0.0,0.0,0.0,0.0,1.0,0.0,0.0,0.1%,11.0
155,Cam Brown (NYG),0.0,0.0,0.0,0.0,0.0,0.0,0.0,0.0,1.0,0.0,0.0,0.0%,11.0
156,Luke Gifford (TEN),0.0,0.0,0.0,0.0,0.0,0.0,0.0,0.0,0.0,0.0,0.0,0.0%,11.0
157,Anthony Nelson (TB),1.0,1.0,0.0,0.0,0.0,0.0,0.0,0.0,1.0,0.0,0.0,0.1%,11.0
158,David Long Jr. (CAR),0.0,0.0,0.0,0.0,0.0,0.0,0.0,0.0,1.0,0.0,0.0,0.0%,11.0
159,E.J. Speed (IND),0.0,0.0,0.0,0.0,0.0,0.0,0.0,0.0,0.0,0.0,0.0,1.5%,11.0
160,Quinton Bell (MIA),0.0,0.0,0.0,0.0,0.0,0.0,0.0,0.0,0.0,0.0,0.0,0.0%,11.0
161,Cole Holcomb (PIT),0.0,0.0,0.0,0.0,0.0,0.0,0.0,0.0,0.0,0.0,0.0,5.7%,11.0
162,Kaden Elliss (ATL),0.0,0.0,0.0,0.0,0.0,0.0,0.0,0.0,0.0,0.0,0.0,5.6%,11.0
163,L.J. Collier (ARI),0.0,0.0,0.0,0.0,0.0,0.0,0.0,0.0,0.0,0.0,0.0,2.0%,11.0
164,Ty Summers (NO),0.0,0.0,0.0,0.0,0.0,0.0,0.0,0.0,0.0,0.0,0.0,0.0%,11.0
165,Cody Barton (WAS),0.0,0.0,0.0,0.0,0.0,0.0,0.0,0.0,0.0,0.0,0.0,8.1%,11.0
166,Ryan Connelly (NO),0.0,0.0,0.0,0.0,0.0,0.0,0.0,0.0,0.0,0.0,0.0,0.0%,11.0
167,Andrew Dowell (NO),0.0,0.0,0.0,0.0,0.0,0.0,0.0,0.0,0.0,0.0,0.0,0.0%,11.0
168,Mitchell Fraboni (DEN),0.0,0.0,0.0,0.0,0.0,0.0,0.0,0.0,0.0,0.0,0.0,0.0%,11.0
169,Nick Moore (BAL),0.0,0.0,0.0,0.0,0.0,0.0,0.0,0.0,0.0,0.0,0.0,0.0%,11.0
170,Demetrius Flannigan-Fowles (SF),0.0,0.0,0.0,0.0,0.0,0.0,0.0,0.0,1.0,0.0,0.0,0.1%,11.0
171,Del'Shawn Phillips (BAL),0.0,0.0,0.0,0.0,0.0,0.0,0.0,0.0,0.0,0.0,0.0,0.0%,11.0
172,Joe Giles-Harris (NE),0.0,0.0,0.0,0.0,0.0,0.0,0.0,0.0,0.0,0.0,0.0,0.0%,11.0
173,Jacob Bobenmoyer (LV),0.0,0.0,0.0,0.0,0.0,0.0,0.0,0.0,0.0,0.0,0.0,0.0%,11.0
174,Darius Harris (KC),0.0,0.0,0.0,0.0,0.0,0.0,0.0,0.0,0.0,0.0,0.0,0.0%,11.0
175,De'Shaan Dixon (JAC),0.0,0.0,0.0,0.0,0.0,0.0,0.0,0.0,0.0,0.0,0.0,0.0%,11.0
176,Baylon Spector (BUF),0.0,0.0,0.0,0.0,0.0,0.0,0.0,0.0,1.0,0.0,0.0,0.0%,11.0
177,Jake Hansen (HOU),0.0,0.0,0.0,0.0,0.0,0.0,0.0,0.0,0.0,0.0,0.0,0.0%,11.0
178,Jeff Gunter (CIN),0.0,0.0,0.0,0.0,0.0,0.0,0.0,0.0,0.0,0.0,0.0,0.0%,11.0
179,Kyron Johnson (PIT),0.0,0.0,0.0,0.0,0.0,0.0,0.0,0.0,0.0,0.0,0.0,0.0%,11.0
180,Luiji Vilain (CAR),0.0,0.0,0.0,0.0,0.0,0.0,0.0,0.0,0.0,0.0,0.0,0.0%,11.0
181,Devin Harper (CIN),0.0,0.0,0.0,0.0,0.0,0.0,0.0,0.0,0.0,0.0,0.0,0.0%,11.0
182,James Houston (DET),0.0,0.0,0.0,0.0,0.0,0.0,0.0,0.0,0.0,0.0,0.0,0.2%,11.0
183,Mark Robinson (PIT),0.0,0.0,0.0,0.0,0.0,0.0,0.0,0.0,1.0,0.0,0.0,0.4%,11.0
184,Tariq Carpenter (PIT),0.0,0.0,0.0,0.0,0.0,0.0,0.0,0.0,0.0,0.0,0.0,0.0%,11.0
185,Daniel Hardy (CHI),0.0,0.0,0.0,0.0,0.0,0.0,0.0,0.0,0.0,0.0,0.0,0.0%,11.0
186,Ty Shelby (LAC),0.0,0.0,0.0,0.0,0.0,0.0,0.0,0.0,0.0,0.0,0.0,0.0%,11.0
187,Tyreek Maddox-Williams (ARI),0.0,0.0,0.0,0.0,0.0,0.0,0.0,0.0,0.0,0.0,0.0,0.0%,11.0
188,Brandon Smith (PHI),0.0,0.0,0.0,0.0,0.0,0.0,0.0,0.0,0.0,0.0,0.0,0.0%,11.0
189,Jesse Luketa (ARI),0.0,0.0,0.0,0.0,0.0,0.0,0.0,0.0,0.0,0.0,0.0,0.0%,11.0
190,Chance Campbell (TEN),0.0,0.0,0.0,0.0,0.0,0.0,0.0,0.0,0.0,0.0,0.0,0.0%,11.0
191,Troy Andersen (ATL),0.0,0.0,0.0,0.0,0.0,0.0,0.0,0.0,0.0,0.0,0.0,2.4%,11.0
192,Olakunle Fatukasi (LAR),0.0,0.0,0.0,0.0,0.0,0.0,0.0,0.0,0.0,0.0,0.0,0.0%,11.0
193,Arnold Ebiketie (ATL),0.0,0.0,0.0,0.0,0.0,0.0,0.0,0.0,0.0,0.0,0.0,0.2%,11.0
194,David Ojabo (BAL),0.0,0.0,0.0,0.0,0.0,0.0,0.0,0.0,0.0,0.0,0.0,0.4%,11.0
195,Nakobe Dean (PHI),0.0,0.0,0.0,0.0,0.0,0.0,0.0,0.0,0.0,0.0,0.0,2.3%,11.0
196,Travon Walker (JAC),1.0,3.0,0.5,1.0,0.0,0.0,0.0,0.0,1.0,0.0,0.0,3.8%,11.0
197,Boye Mafe (SEA),0.0,0.0,0.0,1.0,0.0,0.0,0.0,0.0,1.0,0.0,0.0,13.3%,11.0
198,Cameron Thomas (FA),0.0,1.0,0.0,0.0,0.0,0.0,0.0,0.0,1.0,0.0,0.0,0.1%,11.0
199,Chad Muma (JAC),0.0,0.0,0.0,0.0,0.0,0.0,0.0,0.0,1.0,0.0,0.0,0.8%,11.0
200,Josh Ross (BAL),0.0,0.0,0.0,0.0,0.0,0.0,0.0,0.0,0.0,0.0,0.0,0.0%,11.0
201,Tyreke Smith (SEA),0.0,0.0,0.0,0.0,0.0,0.0,0.0,0.0,0.0,0.0,0.0,0.0%,11.0
202,Nik Bonitto (DEN),0.0,0.0,0.0,0.0,0.0,0.0,0.0,0.0,1.0,0.0,0.0,1.1%,11.0
203,Channing Tindall (MIA),0.0,0.0,0.0,0.0,0.0,0.0,0.0,0.0,0.0,0.0,0.0,0.1%,11.0
204,Henry To'oTo'o (HOU),0.0,0.0,0.0,0.0,0.0,0.0,0.0,0.0,0.0,0.0,0.0,1.8%,11.0
205,Byron Young (LV),0.0,0.0,0.0,0.0,0.0,0.0,0.0,0.0,0.0,0.0,0.0,0.0%,11.0
206,J.J. Russell (TB),0.0,0.0,0.0,0.0,0.0,0.0,0.0,0.0,0.0,0.0,0.0,0.0%,11.0
207,Arron Mosby (GB),0.0,0.0,0.0,0.0,0.0,0.0,0.0,0.0,0.0,0.0,0.0,0.0%,11.0
208,Nephi Sewell (NO),0.0,0.0,0.0,0.0,0.0,0.0,0.0,0.0,0.0,0.0,0.0,1.0%,11.0
209,Cameron Goode (MIA),0.0,0.0,0.0,0.0,0.0,0.0,0.0,0.0,0.0,0.0,0.0,0.0%,11.0
210,Amari Burney (LV),0.0,0.0,0.0,0.0,0.0,0.0,0.0,0.0,0.0,0.0,0.0,0.1%,11.0
211,Chandler Wooten (CAR),0.0,0.0,0.0,0.0,0.0,0.0,0.0,0.0,0.0,0.0,0.0,0.0%,11.0
212,Brian Asamoah II (MIN),0.0,0.0,0.0,0.0,0.0,0.0,0.0,0.0,0.0,0.0,0.0,0.5%,11.0
213,Darrian Beavers (NYG),0.0,0.0,0.0,0.0,0.0,0.0,0.0,0.0,0.0,0.0,0.0,0.0%,11.0
214,D'Marco Jackson (NO),0.0,0.0,0.0,0.0,0.0,0.0,0.0,0.0,0.0,0.0,0.0,0.0%,11.0
215,Amare Barno (CAR),1.0,0.0,0.0,0.0,0.0,0.0,0.0,0.0,1.0,0.0,0.0,0.6%,11.0
216,Malcolm Rodriguez (DET),0.0,0.0,0.0,0.0,0.0,0.0,0.0,0.0,1.0,0.0,0.0,0.3%,11.0
217,Zach VanValkenburg (LAR),0.0,0.0,0.0,0.0,0.0,0.0,0.0,0.0,0.0,0.0,0.0,3.0%,11.0
218,Ochaun Mathis (LAR),0.0,0.0,0.0,0.0,0.0,0.0,0.0,0.0,1.0,0.0,0.0,0.0%,11.0
219,Darien Butler (LV),0.0,0.0,0.0,0.0,0.0,0.0,0.0,0.0,0.0,0.0,0.0,0.0%,11.0
220,DeAngelo Malone (ATL),0.0,0.0,0.0,0.0,0.0,0.0,0.0,0.0,0.0,0.0,0.0,0.0%,11.0
221,Marcelino McCrary-Ball (NYJ),0.0,0.0,0.0,0.0,0.0,0.0,0.0,0.0,0.0,0.0,0.0,0.0%,11.0
222,Jack Colletto (PIT),0.0,0.0,0.0,0.0,0.0,0.0,0.0,0.0,0.0,0.0,0.0,0.0%,11.0
223,Keshawn Banks (GB),0.0,0.0,0.0,0.0,0.0,0.0,0.0,0.0,0.0,0.0,0.0,0.0%,11.0
224,Patrick O'Connell (SEA),0.0,0.0,0.0,0.0,0.0,0.0,0.0,0.0,0.0,0.0,0.0,0.0%,11.0
225,Kenneth Odumegwu (GB),0.0,0.0,0.0,0.0,0.0,0.0,0.0,0.0,0.0,0.0,0.0,0.0%,11.0
226,Shaka Heyward (CIN),0.0,0.0,0.0,0.0,0.0,0.0,0.0,0.0,0.0,0.0,0.0,0.0%,11.0
227,Jonathan Sutherland (SEA),0.0,0.0,0.0,0.0,0.0,0.0,0.0,0.0,0.0,0.0,0.0,0.0%,11.0
228,Brevin Allen (LAC),0.0,0.0,0.0,0.0,0.0,0.0,0.0,0.0,0.0,0.0,0.0,0.0%,11.0
229,Anfernee Orji (NO),0.0,0.0,0.0,0.0,0.0,0.0,0.0,0.0,0.0,0.0,0.0,0.0%,11.0
230,Zaire Barnes (NYJ),0.0,0.0,0.0,0.0,0.0,0.0,0.0,0.0,0.0,0.0,0.0,0.0%,11.0
231,Andrew Farmer (LAC),0.0,0.0,0.0,0.0,0.0,0.0,0.0,0.0,0.0,0.0,0.0,0.0%,11.0
232,Dequan Jackson (JAC),0.0,0.0,0.0,0.0,0.0,0.0,0.0,0.0,0.0,0.0,0.0,0.0%,11.0
233,Jalen Graham (SF),0.0,0.0,0.0,0.0,0.0,0.0,0.0,0.0,0.0,0.0,0.0,0.0%,11.0
234,Dee Winters (SF),0.0,0.0,0.0,0.0,0.0,0.0,0.0,0.0,1.0,0.0,0.0,0.0%,11.0
235,Jose Ramirez (TB),0.0,0.0,0.0,0.0,0.0,0.0,0.0,0.0,0.0,0.0,0.0,0.1%,11.0
236,Thomas Rush (TEN),0.0,0.0,0.0,0.0,0.0,0.0,0.0,0.0,0.0,0.0,0.0,0.0%,11.0
237,Caleb Murphy (TEN),0.0,0.0,0.0,0.0,0.0,0.0,0.0,0.0,0.0,0.0,0.0,2.0%,11.0
238,DJ Coleman (JAC),0.0,0.0,0.0,0.0,0.0,0.0,0.0,0.0,0.0,0.0,0.0,0.0%,11.0
239,Micah Baskerville (CHI),0.0,0.0,0.0,0.0,0.0,0.0,0.0,0.0,0.0,0.0,0.0,0.0%,11.0
240,Marte Mapu (NE),0.0,0.0,0.0,0.0,0.0,0.0,0.0,0.0,0.0,0.0,0.0,0.2%,11.0
241,Drake Thomas (SEA),0.0,0.0,0.0,0.0,0.0,0.0,0.0,0.0,0.0,0.0,0.0,0.0%,11.0
242,Markees Watts (TB),0.0,0.0,0.0,0.0,0.0,0.0,0.0,0.0,1.0,0.0,0.0,0.0%,11.0
243,Marcus Haynes (DEN),0.0,0.0,0.0,0.0,0.0,0.0,0.0,0.0,0.0,0.0,0.0,0.0%,11.0
244,Thomas Incoom (DEN),0.0,0.0,0.0,0.0,0.0,0.0,0.0,0.0,0.0,0.0,0.0,0.0%,11.0
245,Otis Reese IV (TEN),0.0,0.0,0.0,0.0,0.0,0.0,0.0,0.0,0.0,0.0,0.0,0.0%,11.0
246,Ace Eley (CAR),0.0,0.0,0.0,0.0,0.0,0.0,0.0,0.0,0.0,0.0,0.0,0.0%,11.0
247,Tyrus Wheat (DAL),0.0,0.0,0.0,0.0,0.0,0.0,0.0,0.0,0.0,0.0,0.0,0.0%,11.0
248,Isaiah Land (IND),0.0,0.0,0.0,0.0,0.0,0.0,0.0,0.0,0.0,0.0,0.0,0.0%,11.0
249,Brandon Bouyer-Randle (WAS),0.0,0.0,0.0,0.0,0.0,0.0,0.0,0.0,0.0,0.0,0.0,0.0%,11.0
250,Charlie Thomas III (CLE),0.0,0.0,0.0,0.0,0.0,0.0,0.0,0.0,0.0,0.0,0.0,0.0%,11.0
251,Maalik Hall (NYJ),0.0,0.0,0.0,0.0,0.0,0.0,0.0,0.0,0.0,0.0,0.0,0.0%,11.0
252,Ben VanSumeren (PHI),0.0,0.0,0.0,0.0,0.0,0.0,0.0,0.0,1.0,0.0,0.0,0.0%,11.0
253,Liam Anderson (IND),0.0,0.0,0.0,0.0,0.0,0.0,0.0,0.0,0.0,0.0,0.0,0.0%,11.0
254,Donavan Mutin (ATL),0.0,0.0,0.0,0.0,0.0,0.0,0.0,0.0,0.0,0.0,0.0,0.0%,11.0
255,Dyontae Johnson (NYG),0.0,0.0,0.0,0.0,0.0,0.0,0.0,0.0,0.0,0.0,0.0,0.0%,11.0
256,Claudin Cherelus (CAR),0.0,0.0,0.0,0.0,0.0,0.0,0.0,0.0,0.0,0.0,0.0,0.0%,11.0
257,Cam Jones (KC),0.0,0.0,0.0,0.0,0.0,0.0,0.0,0.0,0.0,0.0,0.0,0.0%,11.0
258,Trevor Nowaske (DET),0.0,0.0,0.0,0.0,0.0,0.0,0.0,0.0,0.0,0.0,0.0,0.0%,11.0
259,Mitchell Agude (DET),0.0,0.0,0.0,0.0,0.0,0.0,0.0,0.0,0.0,0.0,0.0,0.0%,11.0
260,Zeke Vandenburgh (MIA),0.0,0.0,0.0,0.0,0.0,0.0,0.0,0.0,0.0,0.0,0.0,0.0%,11.0
261,Malik Hamm (BAL),0.0,0.0,0.0,0.0,0.0,0.0,0.0,0.0,0.0,0.0,0.0,0.0%,11.0
262,Segun Olubi (IND),0.0,0.0,0.0,0.0,0.0,0.0,0.0,0.0,0.0,0.0,0.0,1.4%,11.0
263,Markquese Bell (DAL),6.0,4.0,0.0,0.0,0.0,0.0,0.0,0.0,1.0,0.0,0.0,1.7%,11.0
264,Jake Hummel (LAR),0.0,0.0,0.0,0.0,0.0,0.0,0.0,0.0,0.0,0.0,0.0,0.1%,11.0
265,Keir Thomas (LAR),0.0,1.0,0.0,0.0,0.0,0.0,0.0,0.0,1.0,0.0,0.0,0.0%,11.0
266,Kana'i Mauga (LV),0.0,0.0,0.0,0.0,0.0,0.0,0.0,0.0,1.0,0.0,0.0,0.0%,11.0
267,William Kwenkeu (MIN),0.0,0.0,0.0,0.0,0.0,0.0,0.0,0.0,0.0,0.0,0.0,1.0%,11.0
268,Benton Whitley (NYG),0.0,0.0,0.0,0.0,0.0,0.0,0.0,0.0,0.0,0.0,0.0,0.0%,11.0
269,Jack Cochrane (KC),0.0,0.0,0.0,0.0,0.0,0.0,0.0,0.0,0.0,0.0,0.0,0.1%,11.0
270,Noah Sewell (CHI),0.0,0.0,0.0,0.0,0.0,0.0,0.0,0.0,0.0,0.0,0.0,0.2%,11.0
271,Nate Landman (ATL),0.0,0.0,0.0,0.0,0.0,0.0,0.0,0.0,0.0,0.0,0.0,10.5%,11.0
272,BJ Ojulari (ARI),1.0,0.0,1.0,0.0,0.0,0.0,0.0,0.0,1.0,0.0,0.0,0.3%,11.0
273,Derick Hall (SEA),0.0,0.0,0.0,0.0,0.0,0.0,0.0,0.0,1.0,0.0,0.0,0.1%,11.0
274,Nolan Smith (PHI),0.0,0.0,0.0,0.0,0.0,0.0,0.0,0.0,1.0,0.0,0.0,0.6%,11.0
275,Trenton Simpson (BAL),0.0,0.0,0.0,0.0,0.0,0.0,0.0,0.0,0.0,0.0,0.0,0.4%,11.0
276,Joshua Onujiogu (SEA),0.0,0.0,0.0,0.0,0.0,0.0,0.0,0.0,0.0,0.0,0.0,0.0%,11.0
277,Vi Jones (TB),0.0,0.0,0.0,0.0,0.0,0.0,0.0,0.0,0.0,0.0,0.0,0.0%,11.0
278,Daiyan Henley (LAC),0.0,0.0,0.0,0.0,0.0,0.0,0.0,0.0,0.0,0.0,0.0,0.5%,11.0
279,Drew Sanders (DEN),0.0,0.0,0.0,0.0,0.0,0.0,0.0,0.0,0.0,0.0,0.0,0.7%,11.0
280,YaYa Diaby (TB),4.0,0.0,2.0,0.0,0.0,0.0,0.0,0.0,1.0,0.0,0.0,0.1%,11.0
281,Lukas Van Ness (GB),2.0,0.0,0.0,0.0,0.0,0.0,0.0,0.0,1.0,0.0,0.0,1.2%,11.0
282,Owen Pappoe (ARI),0.0,0.0,0.0,0.0,0.0,0.0,0.0,0.0,0.0,0.0,0.0,0.1%,11.0
283,DeMarvion Overshown (DAL),0.0,0.0,0.0,0.0,0.0,0.0,0.0,0.0,0.0,0.0,0.0,0.3%,11.0
284,Tuli Tuipulotu (LAC),3.0,0.0,0.0,1.0,0.0,0.0,0.0,0.0,1.0,0.0,0.0,1.0%,11.0
285,Mohamoud Diabate (CLE),0.0,0.0,0.0,0.0,0.0,0.0,0.0,0.0,0.0,0.0,0.0,0.0%,11.0
286,Byron Young (LAR),1.0,3.0,0.0,0.0,0.0,0.0,0.0,0.0,1.0,0.0,0.0,9.6%,11.0
287,Tavius Robinson (BAL),2.0,1.0,1.0,0.0,0.0,0.0,0.0,0.0,1.0,0.0,0.0,0.1%,11.0
288,Austin Ajiake (GB),0.0,0.0,0.0,0.0,0.0,0.0,0.0,0.0,0.0,0.0,0.0,0.0%,11.0
289,Titus Leo (IND),0.0,0.0,0.0,0.0,0.0,0.0,0.0,0.0,0.0,0.0,0.0,0.0%,11.0
290,K.J. Britt (TB),0.0,0.0,0.0,0.0,0.0,0.0,0.0,0.0,1.0,0.0,0.0,0.1%,11.0
291,Garret Wallow (HOU),0.0,0.0,0.0,0.0,0.0,0.0,0.0,0.0,0.0,0.0,0.0,0.0%,11.0
292,Buddy Johnson (DAL),0.0,0.0,0.0,0.0,0.0,0.0,0.0,0.0,0.0,0.0,0.0,0.0%,11.0
293,Chris Rumph II (LAC),0.0,0.0,0.0,0.0,0.0,0.0,0.0,0.0,0.0,0.0,0.0,0.0%,11.0
294,Pat Jones II (MIN),1.0,0.0,0.0,0.0,0.0,0.0,0.0,0.0,1.0,0.0,0.0,0.1%,11.0
295,Nick Niemann (LAC),0.0,0.0,0.0,0.0,0.0,0.0,0.0,0.0,1.0,0.0,0.0,0.1%,11.0
296,Jonathon Cooper (DEN),2.0,3.0,1.0,0.0,0.0,0.0,0.0,0.0,1.0,0.0,0.0,9.6%,11.0
297,Sam Kamara (CLE),0.0,0.0,0.0,0.0,0.0,0.0,0.0,0.0,0.0,0.0,0.0,2.0%,11.0
298,Ade Ogundeji (ARI),0.0,0.0,0.0,0.0,0.0,0.0,0.0,0.0,0.0,0.0,0.0,0.0%,11.0
299,Azeez Ojulari (NYG),0.0,0.0,0.0,0.0,0.0,0.0,0.0,0.0,1.0,0.0,0.0,0.4%,11.0
300,Victor Dimukeje (ARI),4.0,0.0,0.0,0.0,0.0,0.0,0.0,0.0,1.0,0.0,0.0,0.1%,11.0
301,Jaelan Phillips (MIA),5.0,1.0,2.0,1.0,1.0,0.0,0.0,0.0,1.0,0.0,0.0,11.0%,11.0
302,Jabril Cox (WAS),0.0,0.0,0.0,0.0,0.0,0.0,0.0,0.0,1.0,0.0,0.0,0.0%,11.0
303,Cameron McGrone (IND),0.0,0.0,0.0,0.0,0.0,0.0,0.0,0.0,0.0,0.0,0.0,0.0%,11.0
304,Brenton Cox Jr. (GB),0.0,0.0,0.0,0.0,0.0,0.0,0.0,0.0,0.0,0.0,0.0,0.0%,11.0
305,Pete Werner (NO),0.0,0.0,0.0,0.0,0.0,0.0,0.0,0.0,0.0,0.0,0.0,7.4%,11.0
306,Rashad Weaver (TEN),1.0,1.0,0.0,1.0,0.0,0.0,0.0,0.0,1.0,0.0,0.0,0.0%,11.0
307,Ronnie Perkins (DEN),0.0,0.0,0.0,0.0,0.0,0.0,0.0,0.0,0.0,0.0,0.0,0.0%,11.0
308,Elerson Smith (LV),0.0,0.0,0.0,0.0,0.0,0.0,0.0,0.0,0.0,0.0,0.0,0.0%,11.0
309,Patrick Johnson (PHI),0.0,0.0,0.0,0.0,0.0,0.0,0.0,0.0,0.0,0.0,0.0,0.0%,11.0
310,Odafe Oweh (BAL),3.0,0.0,1.0,0.0,0.0,0.0,0.0,0.0,1.0,0.0,0.0,1.2%,11.0
311,Zayne Anderson (GB),0.0,0.0,0.0,0.0,0.0,0.0,0.0,0.0,1.0,0.0,0.0,0.0%,11.0
312,Curtis Robinson (SF),0.0,0.0,0.0,0.0,0.0,0.0,0.0,0.0,0.0,0.0,0.0,0.0%,11.0
313,Brendon White (NYJ),0.0,0.0,0.0,0.0,0.0,0.0,0.0,0.0,0.0,0.0,0.0,0.0%,11.0
314,Myjai Sanders (HOU),0.0,0.0,0.0,0.0,0.0,0.0,0.0,0.0,1.0,0.0,0.0,0.0%,11.0
315,Ventrell Miller (JAC),0.0,0.0,0.0,0.0,0.0,0.0,0.0,0.0,0.0,0.0,0.0,0.6%,11.0
316,Kayvon Thibodeaux (NYG),3.0,2.0,2.0,1.0,0.0,0.0,0.0,0.0,1.0,0.0,0.0,14.2%,11.0
317,Kingsley Enagbare (GB),1.0,0.0,0.0,0.0,0.0,0.0,0.0,0.0,1.0,0.0,0.0,0.1%,11.0
318,Isaiah McDuffie (GB),0.0,0.0,0.0,0.0,0.0,0.0,0.0,0.0,1.0,0.0,0.0,1.4%,11.0
319,Tony Fields II (CLE),0.0,0.0,0.0,0.0,0.0,0.0,0.0,0.0,1.0,0.0,0.0,0.1%,11.0
320,Grant Stuard (IND),0.0,0.0,0.0,0.0,0.0,0.0,0.0,0.0,0.0,0.0,0.0,0.1%,11.0
321,Christian Elliss (PHI),0.0,0.0,0.0,0.0,0.0,0.0,0.0,0.0,1.0,0.0,0.0,0.2%,11.0
322,Milo Eifler (ATL),0.0,0.0,0.0,0.0,0.0,0.0,0.0,0.0,0.0,0.0,0.0,0.0%,11.0
323,Amen Ogbongbemiga (LAC),0.0,0.0,0.0,0.0,0.0,0.0,0.0,0.0,0.0,0.0,0.0,0.1%,11.0
324,Jon Rhattigan (SEA),0.0,0.0,0.0,0.0,0.0,0.0,0.0,0.0,0.0,0.0,0.0,0.0%,11.0
325,Chazz Surratt (NYJ),0.0,0.0,0.0,0.0,0.0,0.0,0.0,0.0,0.0,0.0,0.0,0.0%,11.0
326,Joe Tryon-Shoyinka (TB),0.0,0.0,0.0,0.0,0.0,0.0,0.0,0.0,1.0,0.0,0.0,0.6%,11.0
327,Quincy Roche (MIN),0.0,0.0,0.0,0.0,0.0,0.0,0.0,0.0,0.0,0.0,0.0,0.0%,11.0
328,Nick Bolton (KC),0.0,0.0,0.0,0.0,0.0,0.0,0.0,0.0,0.0,0.0,0.0,18.5%,11.0
329,D.J. Wonnum (MIN),2.0,2.0,1.0,0.0,0.0,0.0,0.0,0.0,1.0,0.0,0.0,4.8%,11.0
330,Demario Davis (NO),0.0,0.0,0.0,0.0,0.0,0.0,0.0,0.0,0.0,0.0,0.0,12.6%,11.0
331,Najee Goode (IND),0.0,0.0,0.0,0.0,0.0,0.0,0.0,0.0,0.0,0.0,0.0,0.0%,11.0
332,Tom Wort (TEN),0.0,0.0,0.0,0.0,0.0,0.0,0.0,0.0,0.0,0.0,0.0,0.0%,11.0
333,Nick Bellore (SEA),0.0,0.0,0.0,0.0,0.0,0.0,0.0,0.0,1.0,0.0,0.0,7.0%,11.0
334,Nathan Triplett (LAC),0.0,0.0,0.0,0.0,0.0,0.0,0.0,0.0,0.0,0.0,0.0,0.0%,11.0
335,Bruce Irvin (DET),0.0,0.0,0.0,0.0,0.0,0.0,0.0,0.0,0.0,0.0,0.0,0.0%,11.0
336,A.J. Klein (BUF),0.0,0.0,0.0,0.0,0.0,0.0,0.0,0.0,0.0,0.0,0.0,0.0%,11.0
337,Jadeveon Clowney (BAL),1.0,1.0,1.0,0.0,0.0,0.0,0.0,0.0,1.0,0.0,0.0,2.2%,11.0
338,Markell Carter (NE),0.0,0.0,0.0,0.0,0.0,0.0,0.0,0.0,0.0,0.0,0.0,0.0%,11.0
339,Von Miller (BUF),0.0,0.0,0.0,0.0,0.0,0.0,0.0,0.0,1.0,0.0,0.0,1.3%,11.0
340,Justin Houston (CAR),0.0,0.0,0.0,0.0,0.0,0.0,0.0,0.0,0.0,0.0,0.0,0.2%,11.0
341,Ross Homan (MIN),0.0,0.0,0.0,0.0,0.0,0.0,0.0,0.0,0.0,0.0,0.0,0.0%,11.0
342,Akinola Ayodele (BUF),0.0,0.0,0.0,0.0,0.0,0.0,0.0,0.0,0.0,0.0,0.0,0.0%,11.0
343,Scott McKillop (SF),0.0,0.0,0.0,0.0,0.0,0.0,0.0,0.0,0.0,0.0,0.0,0.0%,11.0
344,Jason Pierre-Paul (NO),0.0,0.0,0.0,0.0,0.0,0.0,0.0,0.0,0.0,0.0,0.0,0.0%,11.0
345,Scott Daly (DET),0.0,0.0,0.0,0.0,0.0,0.0,0.0,0.0,0.0,0.0,0.0,0.0%,11.0
346,Luke Rhodes (IND),0.0,0.0,0.0,0.0,0.0,0.0,0.0,0.0,0.0,0.0,0.0,0.0%,11.0
347,Jarrad Davis (NYG),0.0,0.0,0.0,0.0,0.0,0.0,0.0,0.0,0.0,0.0,0.0,0.0%,11.0
348,Haason Reddick (PHI),2.0,2.0,1.0,0.0,0.0,0.0,0.0,0.0,1.0,0.0,0.0,14.6%,11.0
349,Tyus Bowser (BAL),0.0,0.0,0.0,0.0,0.0,0.0,0.0,0.0,0.0,0.0,0.0,0.3%,11.0
350,Matt Milano (BUF),0.0,0.0,0.0,0.0,0.0,0.0,0.0,0.0,0.0,0.0,0.0,8.3%,11.0
351,Raekwon McMillan (NE),0.0,0.0,0.0,0.0,0.0,0.0,0.0,0.0,0.0,0.0,0.0,0.1%,11.0
352,Taybor Pepper (SF),0.0,0.0,0.0,0.0,0.0,0.0,0.0,0.0,0.0,0.0,0.0,0.0%,11.0
353,Cory Littleton (HOU),0.0,0.0,0.0,0.0,0.0,0.0,0.0,0.0,1.0,0.0,0.0,0.1%,11.0
354,Zach Triner (TB),0.0,0.0,0.0,0.0,0.0,0.0,0.0,0.0,0.0,0.0,0.0,0.0%,11.0
355,Matthew Judon (NE),0.0,0.0,0.0,0.0,0.0,0.0,0.0,0.0,0.0,0.0,0.0,4.0%,11.0
356,Jihad Ward (NYG),1.0,0.0,1.0,0.0,0.0,0.0,0.0,0.0,1.0,0.0,0.0,0.1%,11.0
357,Miles Killebrew (PIT),1.0,0.0,0.0,0.0,0.0,0.0,0.0,0.0,1.0,0.0,0.0,0.1%,11.0
358,Nick Vigil (MIN),0.0,0.0,0.0,0.0,0.0,0.0,0.0,0.0,0.0,0.0,0.0,0.0%,11.0
359,Blake Martinez (PIT),0.0,0.0,0.0,0.0,0.0,0.0,0.0,0.0,0.0,0.0,0.0,0.3%,11.0
360,Reid Ferguson (BUF),0.0,0.0,0.0,0.0,0.0,0.0,0.0,0.0,0.0,0.0,0.0,0.0%,11.0
361,Arden Key (TEN),2.0,1.0,0.0,0.0,0.0,0.0,0.0,0.0,1.0,0.0,0.0,0.1%,11.0
362,Rashaan Evans (DAL),0.0,0.0,0.0,0.0,0.0,0.0,0.0,0.0,1.0,0.0,0.0,0.3%,11.0
363,Marcus Davenport (MIN),0.0,0.0,0.0,0.0,0.0,0.0,0.0,0.0,0.0,0.0,0.0,0.8%,11.0
364,Malik Jefferson (DAL),0.0,0.0,0.0,0.0,0.0,0.0,0.0,0.0,0.0,0.0,0.0,0.0%,11.0
365,Uchenna Nwosu (SEA),0.0,0.0,0.0,0.0,0.0,0.0,0.0,0.0,0.0,0.0,0.0,5.3%,11.0
366,Jason Cabinda (DET),0.0,0.0,0.0,0.0,0.0,0.0,0.0,0.0,0.0,0.0,0.0,0.0%,11.0
367,Christian Kuntz (PIT),0.0,0.0,0.0,0.0,0.0,0.0,0.0,0.0,0.0,0.0,0.0,0.0%,11.0
368,Lorenzo Carter (ATL),0.0,0.0,0.0,0.0,0.0,0.0,0.0,0.0,0.0,0.0,0.0,0.4%,11.0
369,Leighton Vander Esch (DAL),0.0,0.0,0.0,0.0,0.0,0.0,0.0,0.0,0.0,0.0,0.0,2.7%,11.0
370,Marquis Haynes Sr. (CAR),0.0,0.0,0.0,0.0,0.0,0.0,0.0,0.0,0.0,0.0,0.0,1.0%,11.0
371,Jordan Thomas (CAR),0.0,0.0,0.0,0.0,0.0,0.0,0.0,0.0,0.0,0.0,0.0,0.0%,11.0
372,Jalen Reeves-Maybin (DET),0.0,0.0,0.0,0.0,0.0,0.0,0.0,0.0,1.0,0.0,0.0,0.0%,11.0
373,Calvin Munson (NE),0.0,0.0,0.0,0.0,0.0,0.0,0.0,0.0,0.0,0.0,0.0,0.0%,11.0
374,Ifeadi Odenigbo (NYJ),0.0,0.0,0.0,0.0,0.0,0.0,0.0,0.0,0.0,0.0,0.0,4.0%,11.0
375,Eric Wilson (GB),0.0,0.0,0.0,0.0,0.0,0.0,0.0,0.0,0.0,0.0,0.0,0.1%,11.0
376,Duke Riley (MIA),0.0,0.0,0.0,0.0,0.0,0.0,0.0,0.0,1.0,0.0,0.0,0.1%,11.0
377,Anthony Walker Jr. (CLE),0.0,0.0,0.0,0.0,0.0,0.0,0.0,0.0,1.0,0.0,0.0,1.2%,11.0
378,Tanoh Kpassagnon (NO),0.0,0.0,0.0,0.0,0.0,0.0,0.0,0.0,0.0,0.0,0.0,0.0%,11.0
379,Dawuane Smoot (JAC),0.0,0.0,0.0,0.0,0.0,0.0,0.0,0.0,1.0,0.0,0.0,0.1%,11.0
380,Dylan Cole (CHI),0.0,0.0,0.0,0.0,0.0,0.0,0.0,0.0,1.0,0.0,0.0,0.1%,11.0
381,Joe Jones (TEN),0.0,0.0,0.0,0.0,0.0,0.0,0.0,0.0,0.0,0.0,0.0,0.0%,11.0
382,Thomas Hennessy (NYJ),0.0,0.0,0.0,0.0,0.0,0.0,0.0,0.0,1.0,0.0,0.0,0.0%,11.0
383,Samson Ebukam (IND),0.0,0.0,0.0,0.0,0.0,0.0,0.0,0.0,0.0,0.0,0.0,2.1%,11.0
384,Randy Gregory (SF),0.0,0.0,0.0,0.0,0.0,0.0,0.0,0.0,1.0,0.0,0.0,0.8%,11.0
385,Shaq Thompson (CAR),0.0,0.0,0.0,0.0,0.0,0.0,0.0,0.0,0.0,0.0,0.0,2.8%,11.0
386,Danielle Hunter (MIN),2.0,1.0,1.0,0.0,0.0,0.0,0.0,0.0,1.0,0.0,0.0,41.2%,11.0
387,Denzel Perryman (HOU),0.0,0.0,0.0,0.0,0.0,0.0,0.0,0.0,0.0,0.0,0.0,5.5%,11.0
388,Markus Golden (PIT),0.0,0.0,0.0,0.0,0.0,0.0,0.0,0.0,1.0,0.0,0.0,0.1%,11.0
389,Kwon Alexander (PIT),0.0,0.0,0.0,0.0,0.0,0.0,0.0,0.0,1.0,0.0,0.0,1.5%,11.0
390,Bud Dupree (ATL),0.0,0.0,0.0,0.0,0.0,0.0,0.0,0.0,0.0,0.0,0.0,0.4%,11.0
391,J.T. Thomas (JAC),0.0,0.0,0.0,0.0,0.0,0.0,0.0,0.0,0.0,0.0,0.0,0.0%,11.0
392,Casey Kreiter (NYG),0.0,0.0,0.0,0.0,0.0,0.0,0.0,0.0,0.0,0.0,0.0,0.0%,11.0
393,Joe Cardona (NE),0.0,0.0,0.0,0.0,0.0,0.0,0.0,0.0,0.0,0.0,0.0,0.0%,11.0
394,Andrew DePaola (MIN),0.0,0.0,0.0,0.0,0.0,0.0,0.0,0.0,0.0,0.0,0.0,0.0%,11.0
395,Josh Harris (LAC),0.0,0.0,0.0,0.0,0.0,0.0,0.0,0.0,0.0,0.0,0.0,0.0%,11.0
396,JJ Jansen (CAR),0.0,0.0,0.0,0.0,0.0,0.0,0.0,0.0,0.0,0.0,0.0,0.0%,11.0
397,Jake McQuaide (DET),0.0,0.0,0.0,0.0,0.0,0.0,0.0,0.0,0.0,0.0,0.0,0.0%,11.0
398,Joey Bosa (LAC),0.0,0.0,0.0,0.0,0.0,0.0,0.0,0.0,1.0,0.0,0.0,16.7%,11.0
399,Rick Lovato (PHI),0.0,0.0,0.0,0.0,0.0,0.0,0.0,0.0,0.0,0.0,0.0,0.0%,11.0
400,Myles Jack (PIT),0.0,0.0,0.0,0.0,0.0,0.0,0.0,0.0,0.0,0.0,0.0,0.2%,11.0
401,Charley Hughlett (CLE),0.0,0.0,0.0,0.0,0.0,0.0,0.0,0.0,1.0,0.0,0.0,0.0%,11.0
402,Morgan Cox (TEN),0.0,0.0,0.0,0.0,0.0,0.0,0.0,0.0,0.0,0.0,0.0,0.0%,11.0
403,Jon Weeks (HOU),0.0,0.0,0.0,0.0,0.0,0.0,0.0,0.0,0.0,0.0,0.0,0.0%,11.0
404,Aaron Brewer (ARI),0.0,0.0,0.0,0.0,0.0,0.0,0.0,0.0,1.0,0.0,0.0,0.0%,11.0
405,Tyler Ott (BAL),0.0,0.0,0.0,0.0,0.0,0.0,0.0,0.0,0.0,0.0,0.0,0.0%,11.0
406,Patrick Scales (CHI),0.0,0.0,0.0,0.0,0.0,0.0,0.0,0.0,0.0,0.0,0.0,0.0%,11.0
407,Jordan Hicks (MIN),0.0,0.0,0.0,0.0,0.0,0.0,0.0,0.0,0.0,0.0,0.0,26.4%,11.0
408,Frank Clark (SEA),0.0,2.0,0.0,0.0,0.0,0.0,0.0,0.0,1.0,0.0,0.0,0.3%,11.0
409,Neville Hewitt (HOU),0.0,0.0,0.0,0.0,0.0,0.0,0.0,0.0,1.0,0.0,0.0,0.0%,11.0
410,Caleb Johnson (JAC),0.0,0.0,0.0,0.0,0.0,0.0,0.0,0.0,0.0,0.0,0.0,0.0%,11.0
