RANK,PLAYER,REC,TGT,YDS,Y/R,LG,20+,TD,ATT,YDS,TD,FL,G,FPTS,FPTS/G,ROST,WEEK
1,T.J. Hockenson (MIN),11.0,15.0,134.0,12.2,28.0,3.0,1.0,0.0,0.0,0.0,0.0,1.0,30.4,30.4,99.9%,10.0
2,Trey McBride (ARI),8.0,9.0,131.0,16.4,33.0,3.0,0.0,0.0,0.0,0.0,0.0,1.0,21.1,21.1,76.8%,10.0
3,George Kittle (SF),3.0,4.0,116.0,38.7,66.0,6.0,1.0,0.0,0.0,0.0,0.0,1.0,20.6,20.6,99.4%,10.0
4,Dalton Kincaid (BUF),5.0,6.0,51.0,10.2,22.0,1.0,1.0,0.0,0.0,0.0,0.0,1.0,16.1,16.1,93.4%,10.0
5,Tyler Conklin (NYJ),7.0,7.0,70.0,10.0,27.0,1.0,0.0,0.0,0.0,0.0,0.0,1.0,14.0,14.0,17.7%,10.0
6,Jake Ferguson (DAL),4.0,7.0,26.0,6.5,16.0,0.0,1.0,0.0,0.0,0.0,0.0,1.0,12.6,12.6,82.4%,10.0
7,David Njoku (CLE),6.0,9.0,58.0,9.7,23.0,1.0,0.0,0.0,0.0,0.0,0.0,1.0,11.8,11.8,85.4%,10.0
8,Dalton Schultz (HOU),4.0,6.0,71.0,17.8,25.0,2.0,0.0,0.0,0.0,0.0,0.0,1.0,11.1,11.1,90.3%,10.0
9,Michael Mayer (LV),3.0,5.0,19.0,6.3,7.0,0.0,1.0,0.0,0.0,0.0,0.0,1.0,10.9,10.9,8.7%,10.0
10,Brock Wright (DET),2.0,3.0,23.0,11.5,25.0,1.0,1.0,0.0,0.0,0.0,0.0,1.0,10.3,10.3,0.1%,10.0
11,Cole Kmet (CHI),5.0,7.0,45.0,9.0,14.0,0.0,0.0,1.0,1.0,0.0,0.0,1.0,9.6,9.6,86.1%,10.0
12,Tanner Hudson (CIN),6.0,7.0,33.0,5.5,13.0,0.0,0.0,0.0,0.0,0.0,0.0,1.0,9.3,9.3,2.3%,10.0
13,Logan Thomas (WAS),5.0,5.0,40.0,8.0,17.0,0.0,0.0,0.0,0.0,0.0,0.0,1.0,9.0,9.0,61.3%,10.0
14,Luke Musgrave (GB),2.0,4.0,64.0,32.0,36.0,3.0,0.0,0.0,0.0,0.0,0.0,1.0,8.4,8.4,29.2%,10.0
15,Sam LaPorta (DET),4.0,5.0,40.0,10.0,19.0,0.0,0.0,0.0,0.0,0.0,0.0,1.0,8.0,8.0,96.3%,10.0
16,Mark Andrews (BAL),2.0,4.0,44.0,22.0,36.0,2.0,0.0,0.0,0.0,0.0,0.0,1.0,6.4,6.4,80.4%,10.0
17,Connor Heyward (PIT),3.0,4.0,32.0,10.7,13.0,0.0,0.0,0.0,0.0,0.0,0.0,1.0,6.2,6.2,0.7%,10.0
18,Kyle Pitts (ATL),3.0,5.0,30.0,10.0,17.0,0.0,0.0,0.0,0.0,0.0,0.0,1.0,6.0,6.0,83.4%,10.0
19,Chigoziem Okonkwo (TEN),3.0,6.0,27.0,9.0,15.0,0.0,0.0,0.0,0.0,0.0,0.0,1.0,5.7,5.7,24.1%,10.0
20,Daniel Bellinger (NYG),2.0,3.0,34.0,17.0,26.0,1.0,0.0,0.0,0.0,0.0,0.0,1.0,5.4,5.4,1.0%,10.0
21,Evan Engram (JAC),4.0,7.0,12.0,3.0,6.0,0.0,0.0,0.0,0.0,0.0,0.0,1.0,5.2,5.2,92.8%,10.0
22,John Bates (WAS),3.0,3.0,21.0,7.0,12.0,0.0,0.0,0.0,0.0,0.0,0.0,1.0,5.1,5.1,0.1%,10.0
23,Hunter Henry (NE),3.0,5.0,21.0,7.0,11.0,0.0,0.0,0.0,0.0,0.0,0.0,1.0,5.1,5.1,22.4%,10.0
24,Tommy Tremble (CAR),3.0,3.0,16.0,5.3,11.0,0.0,0.0,0.0,0.0,0.0,0.0,1.0,4.6,4.6,0.2%,10.0
25,Taysom Hill (NO),2.0,4.0,17.0,8.5,11.0,0.0,0.0,1.0,6.0,0.0,0.0,1.0,4.3,4.3,63.8%,10.0
26,Will Dissly (SEA),2.0,2.0,22.0,11.0,16.0,0.0,0.0,0.0,0.0,0.0,0.0,1.0,4.2,4.2,0.2%,10.0
27,Mike Gesicki (NE),2.0,3.0,22.0,11.0,11.0,0.0,0.0,0.0,0.0,0.0,0.0,1.0,4.2,4.2,3.5%,10.0
28,Donald Parham Jr. (LAC),2.0,2.0,18.0,9.0,16.0,0.0,0.0,0.0,0.0,0.0,0.0,1.0,3.8,3.8,4.7%,10.0
29,Josh Whyle (TEN),2.0,5.0,16.0,8.0,10.0,0.0,0.0,0.0,0.0,0.0,0.0,1.0,3.6,3.6,0.0%,10.0
30,Adam Trautman (DEN),2.0,2.0,15.0,7.5,9.0,0.0,0.0,0.0,0.0,0.0,0.0,1.0,3.5,3.5,0.4%,10.0
31,Hayden Hurst (CAR),2.0,4.0,14.0,7.0,7.0,0.0,0.0,0.0,0.0,0.0,0.0,1.0,3.4,3.4,4.1%,10.0
32,Geoff Swaim (ARI),2.0,2.0,13.0,6.5,7.0,0.0,0.0,0.0,0.0,0.0,0.0,1.0,3.3,3.3,0.0%,10.0
33,Drew Sample (CIN),2.0,3.0,12.0,6.0,9.0,0.0,0.0,0.0,0.0,0.0,0.0,1.0,3.2,3.2,0.1%,10.0
34,Cade Otton (TB),2.0,3.0,10.0,5.0,6.0,0.0,0.0,0.0,0.0,0.0,0.0,1.0,3.0,3.0,26.1%,10.0
35,Johnny Mundt (MIN),2.0,2.0,8.0,4.0,8.0,0.0,0.0,0.0,0.0,0.0,0.0,1.0,2.8,2.8,0.0%,10.0
36,Noah Fant (SEA),2.0,3.0,6.0,3.0,8.0,0.0,0.0,0.0,0.0,0.0,0.0,1.0,2.6,2.6,1.9%,10.0
37,Jordan Akins (CLE),1.0,1.0,8.0,8.0,8.0,0.0,0.0,0.0,0.0,0.0,0.0,1.0,1.8,1.8,0.0%,10.0
38,Austin Hooper (LV),1.0,1.0,7.0,7.0,7.0,0.0,0.0,0.0,0.0,0.0,0.0,1.0,1.7,1.7,0.3%,10.0
39,Will Mallory (IND),1.0,2.0,7.0,7.0,7.0,0.0,0.0,0.0,0.0,0.0,0.0,1.0,1.7,1.7,0.0%,10.0
40,Darnell Washington (PIT),1.0,1.0,6.0,6.0,6.0,0.0,0.0,0.0,0.0,0.0,0.0,1.0,1.6,1.6,0.3%,10.0
41,Chris Manhertz (DEN),1.0,1.0,6.0,6.0,6.0,0.0,0.0,0.0,0.0,0.0,0.0,1.0,1.6,1.6,0.0%,10.0
42,Tucker Kraft (GB),1.0,3.0,6.0,6.0,6.0,0.0,0.0,0.0,0.0,0.0,0.0,1.0,1.6,1.6,0.6%,10.0
43,Irv Smith Jr. (CIN),1.0,1.0,6.0,6.0,6.0,0.0,0.0,0.0,0.0,0.0,0.0,1.0,1.6,1.6,4.0%,10.0
44,C.J. Uzomah (NYJ),1.0,1.0,6.0,6.0,6.0,0.0,0.0,0.0,0.0,0.0,0.0,1.0,1.6,1.6,0.1%,10.0
45,Kylen Granson (IND),1.0,2.0,5.0,5.0,5.0,0.0,0.0,0.0,0.0,0.0,0.0,1.0,1.5,1.5,0.8%,10.0
46,Harrison Bryant (CLE),1.0,1.0,3.0,3.0,3.0,0.0,0.0,1.0,2.0,0.0,0.0,1.0,1.5,1.5,0.1%,10.0
47,Isaiah Likely (BAL),1.0,1.0,5.0,5.0,5.0,0.0,0.0,0.0,0.0,0.0,0.0,1.0,1.5,1.5,31.1%,10.0
48,Colby Parkinson (SEA),1.0,1.0,3.0,3.0,3.0,0.0,0.0,0.0,0.0,0.0,0.0,1.0,1.3,1.3,0.1%,10.0
49,Juwan Johnson (NO),1.0,3.0,2.0,2.0,2.0,0.0,0.0,0.0,0.0,0.0,0.0,1.0,1.2,1.2,8.6%,10.0
50,Jonnu Smith (ATL),1.0,3.0,1.0,1.0,1.0,0.0,0.0,0.0,0.0,0.0,0.0,1.0,1.1,1.1,27.2%,10.0
51,Nick Bowers (MIA),0.0,0.0,0.0,0.0,0.0,0.0,0.0,0.0,0.0,0.0,0.0,0.0,0.0,0.0,0.0%,10.0
52,Feleipe Franks (ATL),0.0,0.0,0.0,0.0,0.0,0.0,0.0,0.0,0.0,0.0,0.0,0.0,0.0,0.0,0.0%,10.0
53,Brevin Jordan (HOU),0.0,0.0,0.0,0.0,0.0,0.0,0.0,0.0,0.0,0.0,0.0,0.0,0.0,0.0,0.0%,10.0
54,Pat Freiermuth (PIT),0.0,0.0,0.0,0.0,0.0,0.0,0.0,0.0,0.0,0.0,0.0,0.0,0.0,0.0,43.8%,10.0
55,Reggie Gilliam (BUF),0.0,0.0,0.0,0.0,0.0,0.0,0.0,0.0,0.0,0.0,0.0,1.0,0.0,0.0,0.1%,10.0
56,Foster Moreau (NO),0.0,0.0,0.0,0.0,0.0,0.0,0.0,0.0,0.0,0.0,0.0,1.0,0.0,0.0,0.1%,10.0
57,Jesper Horsted (LV),0.0,0.0,0.0,0.0,0.0,0.0,0.0,0.0,0.0,0.0,0.0,0.0,0.0,0.0,0.0%,10.0
58,Josh Oliver (MIN),0.0,0.0,0.0,0.0,0.0,0.0,0.0,0.0,0.0,0.0,0.0,1.0,0.0,0.0,0.2%,10.0
59,Trevon Wesco (TEN),0.0,0.0,0.0,0.0,0.0,0.0,0.0,0.0,0.0,0.0,0.0,1.0,0.0,0.0,0.0%,10.0
60,Tyree Jackson (NYG),0.0,0.0,0.0,0.0,0.0,0.0,0.0,0.0,0.0,0.0,0.0,1.0,0.0,0.0,0.0%,10.0
61,Dawson Knox (BUF),0.0,0.0,0.0,0.0,0.0,0.0,0.0,0.0,0.0,0.0,0.0,0.0,0.0,0.0,5.7%,10.0
62,Zach Gentry (CIN),0.0,0.0,0.0,0.0,0.0,0.0,0.0,0.0,0.0,0.0,0.0,0.0,0.0,0.0,0.0%,10.0
63,Andrew Beck (HOU),0.0,0.0,0.0,0.0,0.0,0.0,0.0,0.0,0.0,0.0,0.0,0.0,0.0,0.0,0.0%,10.0
64,Stephen Carlson (CHI),0.0,0.0,0.0,0.0,0.0,0.0,0.0,0.0,0.0,0.0,0.0,0.0,0.0,0.0,0.0%,10.0
65,Jody Fortson (KC),0.0,0.0,0.0,0.0,0.0,0.0,0.0,0.0,0.0,0.0,0.0,0.0,0.0,0.0,0.0%,10.0
66,Tommy Sweeney (NYG),0.0,0.0,0.0,0.0,0.0,0.0,0.0,0.0,0.0,0.0,0.0,0.0,0.0,0.0,0.0%,10.0
67,Kevin Rader (TEN),0.0,0.0,0.0,0.0,0.0,0.0,0.0,0.0,0.0,0.0,0.0,1.0,0.0,0.0,0.0%,10.0
68,Ross Dwelley (SF),0.0,0.0,0.0,0.0,0.0,0.0,0.0,0.0,0.0,0.0,0.0,1.0,0.0,0.0,0.1%,10.0
69,Albert Okwuegbunam (PHI),0.0,0.0,0.0,0.0,0.0,0.0,0.0,0.0,0.0,0.0,0.0,0.0,0.0,0.0,0.1%,10.0
70,Giovanni Ricci (CAR),0.0,0.0,0.0,0.0,0.0,0.0,0.0,0.0,0.0,0.0,0.0,0.0,0.0,0.0,0.0%,10.0
71,Dalton Keene (HOU),0.0,0.0,0.0,0.0,0.0,0.0,0.0,0.0,0.0,0.0,0.0,1.0,0.0,0.0,0.0%,10.0
72,Stephen Sullivan (CAR),0.0,0.0,0.0,0.0,0.0,0.0,0.0,0.0,0.0,0.0,0.0,0.0,0.0,0.0,0.0%,10.0
73,Charlie Woerner (SF),0.0,0.0,0.0,0.0,0.0,0.0,0.0,0.0,0.0,0.0,0.0,1.0,0.0,0.0,0.0%,10.0
74,Noah Togiai (PHI),0.0,0.0,0.0,0.0,0.0,0.0,0.0,0.0,0.0,0.0,0.0,0.0,0.0,0.0,0.0%,10.0
75,Lawrence Cager (NYG),1.0,2.0,10.0,10.0,10.0,0.0,1.0,0.0,0.0,0.0,0.0,1.0,0.0,0.0,0.0%,10.0
76,Tyler Mabry (SEA),0.0,0.0,0.0,0.0,0.0,0.0,0.0,0.0,0.0,0.0,0.0,0.0,0.0,0.0,0.0%,10.0
77,Sean McKeon (DAL),0.0,0.0,0.0,0.0,0.0,0.0,0.0,0.0,0.0,0.0,0.0,1.0,0.0,0.0,0.0%,10.0
78,Tyler Davis (GB),0.0,0.0,0.0,0.0,0.0,0.0,0.0,0.0,0.0,0.0,0.0,0.0,0.0,0.0,0.0%,10.0
79,Mitchell Wilcox (CIN),0.0,1.0,0.0,0.0,0.0,0.0,0.0,0.0,0.0,0.0,0.0,1.0,0.0,0.0,0.0%,10.0
80,Rashod Berry (IND),0.0,0.0,0.0,0.0,0.0,0.0,0.0,0.0,0.0,0.0,0.0,0.0,0.0,0.0,0.0%,10.0
81,Scotty Washington (BAL),0.0,0.0,0.0,0.0,0.0,0.0,0.0,0.0,0.0,0.0,0.0,0.0,0.0,0.0,0.0%,10.0
82,Tommy Hudson (NO),0.0,0.0,0.0,0.0,0.0,0.0,0.0,0.0,0.0,0.0,0.0,0.0,0.0,0.0,0.0%,10.0
83,Noah Gray (KC),0.0,0.0,0.0,0.0,0.0,0.0,0.0,0.0,0.0,0.0,0.0,0.0,0.0,0.0,1.1%,10.0
84,Mitchell Fraboni (DEN),0.0,0.0,0.0,0.0,0.0,0.0,0.0,0.0,0.0,0.0,0.0,0.0,0.0,0.0,0.0%,10.0
85,Matt Sokol (NE),0.0,0.0,0.0,0.0,0.0,0.0,0.0,0.0,0.0,0.0,0.0,0.0,0.0,0.0,0.0%,10.0
86,Matthew Orzech (GB),0.0,0.0,0.0,0.0,0.0,0.0,0.0,0.0,0.0,0.0,0.0,0.0,0.0,0.0,0.0%,10.0
87,Parker Hesse (ATL),0.0,0.0,0.0,0.0,0.0,0.0,0.0,0.0,0.0,0.0,0.0,0.0,0.0,0.0,0.0%,10.0
88,Luke Farrell (JAC),0.0,0.0,0.0,0.0,0.0,0.0,0.0,0.0,0.0,0.0,0.0,1.0,0.0,0.0,0.0%,10.0
89,Brycen Hopkins (LAR),0.0,0.0,0.0,0.0,0.0,0.0,0.0,0.0,0.0,0.0,0.0,0.0,0.0,0.0,0.0%,10.0
90,Josiah Deguara (GB),0.0,0.0,0.0,0.0,0.0,0.0,0.0,0.0,0.0,0.0,0.0,1.0,0.0,0.0,0.0%,10.0
91,Curtis Hodges (WAS),0.0,0.0,0.0,0.0,0.0,0.0,0.0,0.0,0.0,0.0,0.0,0.0,0.0,0.0,0.0%,10.0
92,Leroy Watson IV (CLE),0.0,0.0,0.0,0.0,0.0,0.0,0.0,0.0,0.0,0.0,0.0,1.0,0.0,0.0,0.0%,10.0
93,Jake Tonges (SF),0.0,0.0,0.0,0.0,0.0,0.0,0.0,0.0,0.0,0.0,0.0,0.0,0.0,0.0,0.0%,10.0
94,Rodney Williams (PIT),0.0,0.0,0.0,0.0,0.0,0.0,0.0,0.0,0.0,0.0,0.0,1.0,0.0,0.0,0.0%,10.0
95,Stone Smartt (LAC),0.0,3.0,0.0,0.0,0.0,0.0,0.0,0.0,0.0,0.0,0.0,1.0,0.0,0.0,0.1%,10.0
96,Zaire Mitchell-Paden (CLE),0.0,0.0,0.0,0.0,0.0,0.0,0.0,0.0,0.0,0.0,0.0,0.0,0.0,0.0,0.0%,10.0
97,Cole Fotheringham (LV),0.0,0.0,0.0,0.0,0.0,0.0,0.0,0.0,0.0,0.0,0.0,0.0,0.0,0.0,0.0%,10.0
98,Tucker Fisk (ATL),0.0,0.0,0.0,0.0,0.0,0.0,0.0,0.0,0.0,0.0,0.0,0.0,0.0,0.0,0.0%,10.0
99,Nikola Kalinic (LAR),0.0,0.0,0.0,0.0,0.0,0.0,0.0,0.0,0.0,0.0,0.0,0.0,0.0,0.0,0.0%,10.0
100,Grant Calcaterra (PHI),0.0,0.0,0.0,0.0,0.0,0.0,0.0,0.0,0.0,0.0,0.0,0.0,0.0,0.0,0.1%,10.0
101,John FitzPatrick (ATL),0.0,0.0,0.0,0.0,0.0,0.0,0.0,0.0,0.0,0.0,0.0,1.0,0.0,0.0,0.0%,10.0
102,Teagan Quitoriano (HOU),0.0,0.0,0.0,0.0,0.0,0.0,0.0,0.0,0.0,0.0,0.0,0.0,0.0,0.0,0.0%,10.0
103,Tanner Conner (MIA),0.0,0.0,0.0,0.0,0.0,0.0,0.0,0.0,0.0,0.0,0.0,0.0,0.0,0.0,0.0%,10.0
104,Gerrit Prince (KC),0.0,0.0,0.0,0.0,0.0,0.0,0.0,0.0,0.0,0.0,0.0,0.0,0.0,0.0,0.0%,10.0
105,Nick Muse (MIN),0.0,0.0,0.0,0.0,0.0,0.0,0.0,0.0,0.0,0.0,0.0,0.0,0.0,0.0,0.0%,10.0
106,Lucas Krull (DEN),0.0,1.0,0.0,0.0,0.0,0.0,0.0,0.0,0.0,0.0,0.0,1.0,0.0,0.0,0.0%,10.0
107,Armani Rogers (WAS),0.0,0.0,0.0,0.0,0.0,0.0,0.0,0.0,0.0,0.0,0.0,0.0,0.0,0.0,0.0%,10.0
108,Cameron Latu (SF),0.0,0.0,0.0,0.0,0.0,0.0,0.0,0.0,0.0,0.0,0.0,0.0,0.0,0.0,0.0%,10.0
109,Andrew Ogletree (IND),0.0,0.0,0.0,0.0,0.0,0.0,0.0,0.0,0.0,0.0,0.0,0.0,0.0,0.0,0.1%,10.0
110,Ko Kieft (TB),0.0,0.0,0.0,0.0,0.0,0.0,0.0,0.0,0.0,0.0,0.0,1.0,0.0,0.0,0.0%,10.0
111,Travis Vokolek (BAL),0.0,0.0,0.0,0.0,0.0,0.0,0.0,0.0,0.0,0.0,0.0,0.0,0.0,0.0,0.0%,10.0
112,Julian Hill (MIA),0.0,0.0,0.0,0.0,0.0,0.0,0.0,0.0,0.0,0.0,0.0,0.0,0.0,0.0,0.0%,10.0
113,Ryan Miller (TB),0.0,0.0,0.0,0.0,0.0,0.0,0.0,0.0,0.0,0.0,0.0,0.0,0.0,0.0,0.0%,10.0
114,Tanner Taula (TB),0.0,0.0,0.0,0.0,0.0,0.0,0.0,0.0,0.0,0.0,0.0,0.0,0.0,0.0,0.0%,10.0
115,Nate Adkins (DEN),0.0,0.0,0.0,0.0,0.0,0.0,0.0,0.0,0.0,0.0,0.0,0.0,0.0,0.0,0.0%,10.0
116,Jordan Murray (IND),0.0,0.0,0.0,0.0,0.0,0.0,0.0,0.0,0.0,0.0,0.0,0.0,0.0,0.0,0.0%,10.0
117,Princeton Fant (DAL),0.0,0.0,0.0,0.0,0.0,0.0,0.0,0.0,0.0,0.0,0.0,0.0,0.0,0.0,0.0%,10.0
118,Brady Russell (SEA),0.0,0.0,0.0,0.0,0.0,0.0,0.0,0.0,0.0,0.0,0.0,1.0,0.0,0.0,0.0%,10.0
119,Thomas Odukoya (TEN),0.0,0.0,0.0,0.0,0.0,0.0,0.0,0.0,0.0,0.0,0.0,0.0,0.0,0.0,0.0%,10.0
120,Luke Schoonmaker (DAL),0.0,1.0,0.0,0.0,0.0,0.0,0.0,0.0,0.0,0.0,0.0,1.0,0.0,0.0,0.3%,10.0
121,Brenton Strange (JAC),0.0,1.0,0.0,0.0,0.0,0.0,0.0,0.0,0.0,0.0,0.0,1.0,0.0,0.0,0.1%,10.0
122,Payne Durham (TB),0.0,0.0,0.0,0.0,0.0,0.0,0.0,0.0,0.0,0.0,0.0,1.0,0.0,0.0,0.0%,10.0
123,Zack Kuntz (NYJ),0.0,0.0,0.0,0.0,0.0,0.0,0.0,0.0,0.0,0.0,0.0,0.0,0.0,0.0,0.0%,10.0
124,Ben Sims (GB),0.0,0.0,0.0,0.0,0.0,0.0,0.0,0.0,0.0,0.0,0.0,0.0,0.0,0.0,0.0%,10.0
125,Ryan Jones (NYG),0.0,0.0,0.0,0.0,0.0,0.0,0.0,0.0,0.0,0.0,0.0,0.0,0.0,0.0,0.0%,10.0
126,Henry Pearson (GB),0.0,0.0,0.0,0.0,0.0,0.0,0.0,0.0,0.0,0.0,0.0,0.0,0.0,0.0,0.0%,10.0
127,Blake Whiteheart (ARI),0.0,0.0,0.0,0.0,0.0,0.0,0.0,0.0,0.0,0.0,0.0,0.0,0.0,0.0,0.0%,10.0
128,Brayden Willis (SF),0.0,0.0,0.0,0.0,0.0,0.0,0.0,0.0,0.0,0.0,0.0,0.0,0.0,0.0,0.0%,10.0
129,Quintin Morris (BUF),0.0,0.0,0.0,0.0,0.0,0.0,0.0,0.0,0.0,0.0,0.0,1.0,0.0,0.0,0.0%,10.0
130,Charlie Kolar (BAL),0.0,0.0,0.0,0.0,0.0,0.0,0.0,0.0,0.0,0.0,0.0,1.0,0.0,0.0,0.1%,10.0
131,Hunter Long (LAR),0.0,0.0,0.0,0.0,0.0,0.0,0.0,0.0,0.0,0.0,0.0,0.0,0.0,0.0,0.0%,10.0
132,Tre' McKitty (BUF),0.0,0.0,0.0,0.0,0.0,0.0,0.0,0.0,0.0,0.0,0.0,0.0,0.0,0.0,0.0%,10.0
133,Kenny Yeboah (NYJ),0.0,0.0,0.0,0.0,0.0,0.0,0.0,0.0,0.0,0.0,0.0,0.0,0.0,0.0,0.0%,10.0
134,Miller Forristall (LAR),0.0,0.0,0.0,0.0,0.0,0.0,0.0,0.0,0.0,0.0,0.0,0.0,0.0,0.0,0.0%,10.0
135,Matt Bushman (KC),0.0,0.0,0.0,0.0,0.0,0.0,0.0,0.0,0.0,0.0,0.0,0.0,0.0,0.0,0.0%,10.0
136,Peyton Hendershot (DAL),0.0,0.0,0.0,0.0,0.0,0.0,0.0,0.0,0.0,0.0,0.0,0.0,0.0,0.0,0.1%,10.0
137,Michael Jacobson (NO),0.0,0.0,0.0,0.0,0.0,0.0,0.0,0.0,0.0,0.0,0.0,0.0,0.0,0.0,0.0%,10.0
138,Zach Davidson (BUF),0.0,0.0,0.0,0.0,0.0,0.0,0.0,0.0,0.0,0.0,0.0,0.0,0.0,0.0,0.0%,10.0
139,Bernhard Seikovits (ARI),0.0,0.0,0.0,0.0,0.0,0.0,0.0,0.0,0.0,0.0,0.0,0.0,0.0,0.0,0.0%,10.0
140,Shane Zylstra (DET),0.0,0.0,0.0,0.0,0.0,0.0,0.0,0.0,0.0,0.0,0.0,0.0,0.0,0.0,0.0%,10.0
141,Hunter Kampmoyer (LAC),0.0,0.0,0.0,0.0,0.0,0.0,0.0,0.0,0.0,0.0,0.0,0.0,0.0,0.0,0.0%,10.0
142,Cole Turner (WAS),0.0,0.0,0.0,0.0,0.0,0.0,0.0,0.0,0.0,0.0,0.0,0.0,0.0,0.0,0.0%,10.0
143,Jeremy Ruckert (NYJ),0.0,0.0,0.0,0.0,0.0,0.0,0.0,0.0,0.0,0.0,0.0,1.0,0.0,0.0,0.1%,10.0
144,Davis Allen (LAR),0.0,0.0,0.0,0.0,0.0,0.0,0.0,0.0,0.0,0.0,0.0,0.0,0.0,0.0,0.0%,10.0
145,Jelani Woods (IND),0.0,0.0,0.0,0.0,0.0,0.0,0.0,0.0,0.0,0.0,0.0,0.0,0.0,0.0,1.0%,10.0
146,Elijah Higgins (ARI),0.0,1.0,0.0,0.0,0.0,0.0,0.0,0.0,0.0,0.0,0.0,1.0,0.0,0.0,0.0%,10.0
147,Jacob Harris (JAC),0.0,0.0,0.0,0.0,0.0,0.0,0.0,0.0,0.0,0.0,0.0,0.0,0.0,0.0,0.0%,10.0
148,Josh Pederson (JAC),0.0,0.0,0.0,0.0,0.0,0.0,0.0,0.0,0.0,0.0,0.0,0.0,0.0,0.0,0.0%,10.0
149,Greg Dulcich (DEN),0.0,0.0,0.0,0.0,0.0,0.0,0.0,0.0,0.0,0.0,0.0,0.0,0.0,0.0,6.5%,10.0
150,Jack Stoll (PHI),0.0,0.0,0.0,0.0,0.0,0.0,0.0,0.0,0.0,0.0,0.0,0.0,0.0,0.0,0.2%,10.0
151,James Mitchell (DET),0.0,0.0,0.0,0.0,0.0,0.0,0.0,0.0,0.0,0.0,0.0,1.0,0.0,0.0,0.0%,10.0
152,Durham Smythe (MIA),0.0,0.0,0.0,0.0,0.0,0.0,0.0,0.0,0.0,0.0,0.0,0.0,0.0,0.0,0.5%,10.0
153,Dominique Curry (DET),0.0,0.0,0.0,0.0,0.0,0.0,0.0,0.0,0.0,0.0,0.0,0.0,0.0,0.0,0.0%,10.0
154,Drake Dunsmore (TB),0.0,0.0,0.0,0.0,0.0,0.0,0.0,0.0,0.0,0.0,0.0,0.0,0.0,0.0,0.0%,10.0
155,James Dearth (NYJ),0.0,0.0,0.0,0.0,0.0,0.0,0.0,0.0,0.0,0.0,0.0,0.0,0.0,0.0,0.0%,10.0
156,Jordan Matthews (CAR),0.0,0.0,0.0,0.0,0.0,0.0,0.0,0.0,0.0,0.0,0.0,0.0,0.0,0.0,0.0%,10.0
157,Travis Kelce (KC),0.0,0.0,0.0,0.0,0.0,0.0,0.0,0.0,0.0,0.0,0.0,0.0,0.0,0.0,100.0%,10.0
158,Zach Ertz (ARI),0.0,0.0,0.0,0.0,0.0,0.0,0.0,0.0,0.0,0.0,0.0,0.0,0.0,0.0,17.7%,10.0
159,Derek Fine (HOU),0.0,0.0,0.0,0.0,0.0,0.0,0.0,0.0,0.0,0.0,0.0,0.0,0.0,0.0,0.0%,10.0
160,J.P. Foschi (CIN),0.0,0.0,0.0,0.0,0.0,0.0,0.0,0.0,0.0,0.0,0.0,0.0,0.0,0.0,0.0%,10.0
161,Darnell Dinkins (NO),0.0,0.0,0.0,0.0,0.0,0.0,0.0,0.0,0.0,0.0,0.0,0.0,0.0,0.0,0.0%,10.0
162,Brad Cottam (KC),0.0,0.0,0.0,0.0,0.0,0.0,0.0,0.0,0.0,0.0,0.0,0.0,0.0,0.0,0.0%,10.0
163,Jimmy Graham (NO),0.0,0.0,0.0,0.0,0.0,0.0,0.0,0.0,0.0,0.0,0.0,0.0,0.0,0.0,0.1%,10.0
164,Marquez Branson (ATL),0.0,0.0,0.0,0.0,0.0,0.0,0.0,0.0,0.0,0.0,0.0,0.0,0.0,0.0,0.0%,10.0
165,Joey Haynos (MIA),0.0,0.0,0.0,0.0,0.0,0.0,0.0,0.0,0.0,0.0,0.0,0.0,0.0,0.0,0.0%,10.0
166,Justin Snow (IND),0.0,0.0,0.0,0.0,0.0,0.0,0.0,0.0,0.0,0.0,0.0,0.0,0.0,0.0,0.0%,10.0
167,Keith Zinger (ATL),0.0,0.0,0.0,0.0,0.0,0.0,0.0,0.0,0.0,0.0,0.0,0.0,0.0,0.0,0.0%,10.0
168,Marcedes Lewis (CHI),0.0,0.0,0.0,0.0,0.0,0.0,0.0,0.0,0.0,0.0,0.0,1.0,0.0,0.0,0.0%,10.0
169,Gerald Everett (LAC),0.0,2.0,0.0,0.0,0.0,0.0,0.0,0.0,0.0,0.0,0.0,1.0,0.0,0.0,21.8%,10.0
170,Robert Tonyan (CHI),0.0,0.0,0.0,0.0,0.0,0.0,0.0,0.0,0.0,0.0,0.0,1.0,0.0,0.0,0.1%,10.0
171,Zach Wood (NO),0.0,0.0,0.0,0.0,0.0,0.0,0.0,0.0,0.0,0.0,0.0,1.0,0.0,0.0,0.0%,10.0
172,Stephen Anderson (LAC),0.0,0.0,0.0,0.0,0.0,0.0,0.0,0.0,0.0,0.0,0.0,0.0,0.0,0.0,0.0%,10.0
173,Tyler Higbee (LAR),0.0,0.0,0.0,0.0,0.0,0.0,0.0,0.0,0.0,0.0,0.0,0.0,0.0,0.0,40.8%,10.0
174,Troy Fumagalli (MIN),0.0,0.0,0.0,0.0,0.0,0.0,0.0,0.0,0.0,0.0,0.0,0.0,0.0,0.0,0.0%,10.0
175,Dallas Goedert (PHI),0.0,0.0,0.0,0.0,0.0,0.0,0.0,0.0,0.0,0.0,0.0,0.0,0.0,0.0,79.2%,10.0
176,Ian Thomas (CAR),0.0,0.0,0.0,0.0,0.0,0.0,0.0,0.0,0.0,0.0,0.0,0.0,0.0,0.0,0.0%,10.0
177,Jordan Thomas (CAR),0.0,0.0,0.0,0.0,0.0,0.0,0.0,0.0,0.0,0.0,0.0,1.0,0.0,0.0,0.0%,10.0
178,David Wells (TB),0.0,0.0,0.0,0.0,0.0,0.0,0.0,0.0,0.0,0.0,0.0,0.0,0.0,0.0,0.0%,10.0
179,Mo Alie-Cox (IND),0.0,1.0,0.0,0.0,0.0,0.0,0.0,0.0,0.0,0.0,0.0,1.0,0.0,0.0,0.1%,10.0
180,Eric Saubert (HOU),0.0,0.0,0.0,0.0,0.0,0.0,0.0,0.0,0.0,0.0,0.0,1.0,0.0,0.0,0.0%,10.0
181,Anthony Firkser (DET),0.0,0.0,0.0,0.0,0.0,0.0,0.0,0.0,0.0,0.0,0.0,0.0,0.0,0.0,0.0%,10.0
182,Pharaoh Brown (NE),0.0,0.0,0.0,0.0,0.0,0.0,0.0,0.0,0.0,0.0,0.0,1.0,0.0,0.0,0.0%,10.0
183,Nick Vannett (LAC),0.0,0.0,0.0,0.0,0.0,0.0,0.0,0.0,0.0,0.0,0.0,1.0,0.0,0.0,0.0%,10.0
184,Andrew DePaola (MIN),0.0,0.0,0.0,0.0,0.0,0.0,0.0,0.0,0.0,0.0,0.0,0.0,0.0,0.0,0.0%,10.0
185,James Winchester (KC),0.0,0.0,0.0,0.0,0.0,0.0,0.0,0.0,0.0,0.0,0.0,0.0,0.0,0.0,0.0%,10.0
186,Tyler Ott (BAL),0.0,0.0,0.0,0.0,0.0,0.0,0.0,0.0,0.0,0.0,0.0,0.0,0.0,0.0,0.0%,10.0
187,Patrick Scales (CHI),0.0,0.0,0.0,0.0,0.0,0.0,0.0,0.0,0.0,0.0,0.0,0.0,0.0,0.0,0.0%,10.0
188,Tyler Kroft (MIA),0.0,0.0,0.0,0.0,0.0,0.0,0.0,0.0,0.0,0.0,0.0,0.0,0.0,0.0,0.1%,10.0
189,MyCole Pruitt (ATL),0.0,0.0,0.0,0.0,0.0,0.0,0.0,0.0,0.0,0.0,0.0,1.0,0.0,0.0,0.0%,10.0
190,Blake Bell (KC),0.0,0.0,0.0,0.0,0.0,0.0,0.0,0.0,0.0,0.0,0.0,0.0,0.0,0.0,0.1%,10.0
191,Darren Waller (NYG),0.0,0.0,0.0,0.0,0.0,0.0,0.0,0.0,0.0,0.0,0.0,0.0,0.0,0.0,65.1%,10.0
